duration,protocol_type,service,flag,src_bytes,dst_bytes,count,srv_count,serror_rate,rerror_rate,label
0.4692680899768591,tcp,ssh,RSTO,941,287,8,9,0.0548481333099114,0.010900448135158733,0
3.010121430917521,tcp,smtp,S0,541,617,6,11,0.023754136052946292,0.04501415570499193,0
1.3167456935454493,udp,ssh,SF,56,145,4,7,0.0990450508074852,0.027593207852594823,0
0.9129425537759532,udp,ftp,RSTO,231,782,12,9,0.01502139863176119,0.11654335545894759,0
0.16962487046234628,udp,ftp,RSTO,657,423,6,9,0.09340241224222949,0.019381686870291372,0
0.16959629191460518,tcp,http,REJ,434,889,11,9,0.06518025252051438,0.017264217395834607,0
0.059838768608680676,tcp,dns,RSTO,383,607,10,4,0.11557788115188548,0.04072051386571962,0
2.0112308644799395,udp,ssh,RSTO,559,456,11,10,0.10728067525587337,0.057256008067029934,0
0.9190821536272645,tcp,http,RSTO,193,740,11,8,0.027312384619508395,0.03115350627585683,0
1.2312500617045903,tcp,dns,RSTO,735,201,11,7,0.07827434598282214,0.014015569952574972,0
0.020799307999138622,tcp,ssh,REJ,647,211,7,15,0.07912844946551313,0.048118186520597295,0
3.503557475158312,icmp,smtp,S0,533,5,6,5,0.032463873441798206,0.02702103380121775,0
1.786429543354675,udp,ssh,S0,517,623,13,2,0.25111002746171707,0.088060300773195,0
0.238687625248947,tcp,ftp,SF,715,375,9,9,0.2214518280811577,0.04378234632892505,0
0.20067898874966336,udp,ftp,RSTO,750,890,11,14,0.06679394086728196,0.00828383971149273,0
0.20261142283225705,udp,smtp,REJ,184,446,14,7,0.02154052923963734,0.007984812980507487,0
0.3627537294604771,tcp,http,SF,871,834,12,5,0.06974725036426101,0.0540429135461416,0
0.7439278308608545,tcp,dns,SF,291,105,12,9,0.03818953599832264,0.06435482416964045,0
0.5655370667803367,udp,ssh,S0,334,650,11,8,0.13111239363131755,0.027647247861559816,0
0.3442229925539415,tcp,ftp,REJ,731,810,14,9,0.0872467889666887,0.26315186894774295,0
0.9463708738997987,tcp,http,REJ,115,400,8,8,0.06529923442422814,0.02070012401044221,0
0.15023452872733867,tcp,smtp,REJ,824,95,8,7,0.05484527968795864,0.03290615215596876,0
0.34551551200240227,udp,ftp,S0,48,387,12,8,0.07998414330969365,0.06951374355828184,0
0.45627721822084705,icmp,smtp,S0,684,958,13,7,0.028786348035037698,0.030474395562137935,0
0.608934687859775,udp,ssh,S0,81,451,12,10,0.0065506276375391125,0.016233439537570057,0
1.537936011030912,tcp,dns,S0,833,848,6,8,0.07697323556496038,0.023722292308425704,0
0.2227358621286903,udp,ftp,S0,332,808,8,5,0.035191893343714545,0.015644599414831258,0
0.7220291550331277,udp,ftp,RSTO,556,978,6,6,0.1734131699492857,0.0407867009785407,0
0.8975047213097606,tcp,ssh,RSTO,334,900,15,8,0.08346088415006775,0.07596874484018547,0
0.047563849756408545,udp,http,REJ,531,415,7,8,0.07235170676408176,0.008271958516804017,0
0.9353330206496101,tcp,dns,SF,959,725,9,9,0.176938928729335,0.003862223278788838,0
0.18696125197741642,tcp,ftp,REJ,220,503,11,11,0.10786518795350643,0.009376772849528541,0
0.06726393087930424,tcp,dns,SF,634,453,5,12,0.020793510530511265,0.0030210415617569226,0
2.973687793506931,tcp,ftp,S0,745,290,9,9,0.05570639548305901,0.0667972331208899,0
3.3706303424611725,tcp,dns,SF,732,533,6,5,0.05269530884458373,0.05866237087135519,0
1.6523315728128767,tcp,smtp,REJ,322,192,8,3,0.09505529109552464,0.0235257334018927,0
0.3632878599687583,tcp,ftp,REJ,850,979,9,13,0.1391695235891152,0.16722987419454008,0
0.10277731500250624,udp,dns,SF,2,149,12,12,0.07605355528402037,0.09094952616153326,0
1.1527507630986618,tcp,http,RSTO,693,879,6,16,0.07880233434743537,0.03694586766432778,0
0.5800908425853983,tcp,smtp,S0,205,758,8,8,0.2615944143534307,0.06691011463833335,0
0.13015223395444864,tcp,smtp,S0,831,778,9,13,0.1019366864614092,0.08007716761866858,0
0.6835472281341501,udp,http,REJ,39,972,13,10,0.0025190174742264052,0.06711356176605646,0
0.034993721443479085,tcp,dns,RSTO,58,762,13,8,0.12948507959648034,0.017261584712388443,0
2.400422887393024,tcp,ssh,SF,950,514,11,13,0.10426637993609852,0.0950634796123182,0
0.2994577768406861,udp,http,S0,573,392,15,10,0.03308394347610049,0.004276174158674514,0
1.0862557985649803,tcp,dns,RSTO,643,315,13,12,0.07953076504328294,0.011435718359947876,0
0.37354658165762367,tcp,http,S0,506,75,11,8,0.020044295105814562,0.014839301102355975,0
0.7341108959092286,tcp,http,RSTO,571,598,8,9,0.07292181557407607,0.12314201427149797,0
0.7912237979817975,udp,ftp,RSTO,883,269,8,9,0.047286464533824596,0.0323407248887232,0
0.20438859950790575,tcp,dns,REJ,842,224,12,6,0.03404542889919051,0.009579873237342464,0
3.4928071327362264,udp,ssh,S0,121,529,7,6,0.09939698567765107,0.03058214266578019,0
1.4922453771381408,tcp,ftp,SF,478,112,4,11,0.059054947430107176,0.0352290717121106,0
2.8050944192915823,udp,http,REJ,618,250,5,7,0.06984497010764074,0.02864119823626919,0
2.2521519975341966,udp,http,REJ,95,232,14,11,0.039109519058930314,0.02609680251996624,0
0.911054412383275,icmp,http,SF,858,840,5,10,0.0024528547664983916,0.03338073969765612,0
2.549435379269405,tcp,dns,REJ,413,790,11,7,0.052547053051053116,0.007568150721052688,0
0.09265545895311562,udp,dns,RSTO,234,713,8,5,0.058138743635740286,0.07405124770627067,0
0.21813469463126745,tcp,ftp,RSTO,897,82,18,3,0.10860942255752495,0.04569582065628554,0
0.046281965686831954,tcp,ssh,S0,61,124,5,5,0.03093177949736722,0.08351318772305145,0
0.3935320868030868,tcp,ftp,S0,255,174,13,4,0.10280766231165624,0.22219877425071463,0
0.4921302917942186,udp,smtp,SF,560,68,11,9,0.015490849192552407,0.03741354130882487,0
0.3165604432088257,icmp,http,S0,904,46,11,11,0.052055789081524625,0.21756275874118453,0
1.764557865240934,udp,http,RSTO,347,883,10,2,0.0015901177675496717,0.021914104263196555,0
0.44122699952987016,tcp,http,SF,670,255,16,11,0.09997852568743723,0.024743198410476588,0
0.3298028401342492,tcp,ftp,SF,123,726,10,13,0.04470829500960162,0.08177227386273575,0
0.782407083207746,udp,ftp,S0,481,29,15,10,0.03177541712768787,0.06279106563502948,0
0.15189814782062885,tcp,http,RSTO,316,280,8,10,0.025032151454138184,0.0337979916074278,0
1.6204835957747312,tcp,ftp,SF,503,923,11,10,0.127214817314917,0.06892299936086575,0
0.07747586881130901,tcp,dns,RSTO,718,993,8,11,0.12491011704198997,0.10780955136131505,0
4.33414633958732,tcp,dns,RSTO,47,236,8,11,0.006816075707724816,0.04616743779762642,0
1.4794837762415114,tcp,ftp,RSTO,408,247,7,8,0.027892658177273197,0.03982724214056826,0
0.22153944050588595,tcp,http,S0,931,367,11,7,0.06444724507259104,0.0267175053139555,0
0.005537420375935475,tcp,ftp,REJ,135,494,15,8,0.08907034383148024,0.05607174317018157,0
1.689896777486126,tcp,ftp,REJ,200,24,3,6,0.2991680029702699,0.00019828438453664516,0
1.2270959073870447,icmp,ftp,SF,249,585,10,11,0.2533940243612965,0.020256241991446742,0
1.305662908787999,tcp,smtp,RSTO,313,717,6,7,0.09257498142250811,0.08903586588944983,0
1.4752145260435134,tcp,dns,S0,868,489,9,10,0.05882910968919737,0.02615254017272511,0
0.07692926551379635,tcp,ssh,RSTO,367,493,9,9,0.15880455135120392,0.18572584257540942,0
0.4438926724162325,tcp,ssh,RSTO,428,313,9,11,0.053973055086615346,0.009216404395228124,0
0.12315010460444965,udp,smtp,S0,829,605,10,6,0.20656670540718142,0.05233688795543278,0
1.9885295716582227,udp,ftp,REJ,806,374,9,5,0.027757331177082567,0.010609922089319207,0
0.9763011917123741,tcp,smtp,RSTO,479,638,12,6,0.026921391915685097,0.03277776158481468,0
0.401818801251301,tcp,smtp,RSTO,313,936,8,10,0.1448623812736663,0.007866601206893498,0
0.06566806580478289,udp,http,REJ,499,24,16,10,0.06483396599827004,0.04239020350956333,0
0.3724883504103537,udp,dns,S0,720,333,12,7,0.010861733394651372,0.023021420091422183,0
0.39331421318413134,tcp,ssh,SF,354,354,14,5,0.14075778074396605,0.02797499879974018,0
1.3078757839577408,tcp,ftp,REJ,484,115,11,4,0.1524454211194804,0.037506704206113115,0
1.01488935892602,tcp,ssh,SF,210,47,14,11,0.11864076651543742,0.012982100633045779,0
2.1822519124015147,icmp,ssh,SF,703,737,10,13,7.881946092292809e-05,0.08863832085359366,0
0.6390661333763098,tcp,dns,REJ,43,777,8,5,0.08457797833377675,0.014088898449888634,0
0.1273723936155019,udp,ssh,RSTO,540,98,14,10,0.006800576720787463,0.08852863363172467,0
1.2491263443165994,tcp,ssh,SF,570,458,7,5,0.07936215483879182,0.03713239884309953,0
1.430392753076864,tcp,smtp,SF,582,522,8,12,0.13208558750347454,0.016220299957123277,0
0.8238874948858288,tcp,dns,S0,91,596,12,10,0.038510120382361894,0.009743034008028645,0
1.4738899667213645,tcp,http,RSTO,264,404,5,10,0.17515097406551858,0.0033232659019444763,0
0.6808147315102779,tcp,ftp,SF,894,213,12,4,0.07675485748977605,0.005914933028891965,0
0.739678838777267,tcp,ssh,S0,219,684,11,5,0.07861618180259415,0.11757116873134282,0
0.5578141939084273,tcp,ftp,RSTO,901,902,9,13,0.031085190572791147,0.055468399008402496,0
0.02574777399011373,udp,http,REJ,924,502,14,6,0.0938576061390241,0.041985010642405236,0
0.11416743519186584,tcp,ftp,REJ,441,720,12,12,0.02234339563832459,0.038353764633982566,0
0.03193368129305382,tcp,http,S0,400,447,10,5,0.013630725339820876,0.06706958852244486,0
1.0117295509275495,icmp,smtp,REJ,399,893,13,10,0.05388454445055931,0.00027701782784302157,0
0.37739670879509984,udp,ssh,SF,726,575,11,4,0.05827622651922276,0.017571442817611225,0
0.7104371771341901,udp,http,RSTO,990,257,9,11,0.1784295924133945,0.014164162364293447,0
2.3812655298459755,icmp,ftp,SF,898,843,8,5,0.08287155250918075,0.009712433528327478,0
0.28673882298329834,tcp,ssh,SF,788,120,14,8,0.0016009496714393342,0.03828039859468794,0
0.5282819748826726,tcp,smtp,REJ,575,809,17,9,0.10214081512004597,0.036204400449279625,0
1.4087491475385834,udp,ssh,SF,857,977,17,10,0.0473895166020755,0.04973035556597979,0
0.25980515691739403,tcp,http,REJ,803,53,10,4,0.2746970806048984,0.07788651034467667,0
0.08010427855017636,tcp,smtp,RSTO,489,330,9,7,0.15052433099409127,0.009102636554542595,0
0.3421403038870571,udp,ftp,RSTO,484,783,7,7,0.06120211859035113,0.03340133543807614,0
0.17580835850006285,tcp,smtp,SF,756,240,10,4,0.007372997918947022,0.040549662357089136,0
2.6549500858806248,tcp,smtp,S0,469,754,8,18,0.0004299847738493828,0.012250427730323107,0
1.6508870804845694,tcp,dns,REJ,573,529,15,7,0.011089579470657557,0.013963377497240314,0
1.003494190520531,tcp,smtp,REJ,937,482,8,7,0.0507023516708385,0.021261896961864295,0
2.051519730520813,tcp,smtp,SF,843,186,5,1,0.005555918622657125,0.14053683242800286,0
1.6279689407405564,tcp,ssh,REJ,681,857,10,8,0.40993909129060957,0.08119923990528512,0
0.20649547635863907,udp,ftp,REJ,444,655,6,8,0.043033250124168344,0.007432880281806443,0
2.230813405235561,tcp,ssh,S0,268,261,10,6,0.033518274736190075,0.010849589724689563,0
0.775099901966172,tcp,ssh,S0,266,952,10,9,0.0006450732322570229,0.04360611778878426,0
1.6473482913035662,udp,http,SF,53,363,11,4,0.08971757745780978,0.039715846896797115,0
2.2642426492862313,icmp,ssh,S0,527,490,13,6,0.21262971294797167,0.013548488838486942,0
0.38273071641831846,udp,dns,SF,519,430,11,12,0.08743790181902929,0.012163089914385639,0
0.11659216012385083,udp,dns,RSTO,615,238,7,15,0.06646948203906819,0.11060546101415938,0
0.25868674613938136,tcp,http,SF,58,303,9,3,0.0034501737619528354,0.00302139405208767,0
0.5570576927486144,tcp,ftp,RSTO,824,297,5,9,0.04247500524208887,0.10607928536625087,0
1.703829726638945,tcp,ftp,SF,39,75,13,6,0.027338721659131485,0.036682890260602175,0
1.9713449718798333,tcp,ssh,REJ,236,699,7,5,0.06337867544190642,0.03737691456505566,0
0.006976409181650647,tcp,ssh,S0,954,332,10,4,0.06181540369258054,0.10321832526178304,0
0.7148761593385558,tcp,ssh,RSTO,385,899,10,13,0.038783087997479634,0.0033431380464808455,0
0.5402733209186713,udp,ftp,SF,605,998,10,7,0.15920633894099936,0.012547408430148363,0
0.2511673382758245,tcp,smtp,S0,733,757,13,8,0.16291424910792052,0.054362959234199024,0
0.1276803915456468,tcp,dns,SF,715,641,11,8,0.09870727317468726,0.009099438680447254,0
0.41190857986243246,tcp,smtp,S0,649,473,10,9,0.11034310918508877,0.0792971852659428,0
2.8631211226911497,tcp,smtp,S0,299,826,13,10,0.02090105776505623,0.061374405958999845,0
0.3903838028814744,tcp,ftp,SF,394,922,11,14,0.002370511210115028,0.06912842392740266,0
0.7314528057601519,udp,smtp,RSTO,206,282,16,3,0.013202902116127749,0.010240422183009868,0
1.2140869768808549,tcp,http,RSTO,335,590,13,4,0.1471375110123179,0.0412714684383091,0
0.45197449896696235,tcp,ssh,REJ,592,71,10,8,0.05769325246296447,0.0074520932130062376,0
3.5677981382916997,tcp,http,S0,729,262,11,9,0.09546914151761246,0.0814976685888343,0
3.282009864541398,udp,dns,REJ,513,702,16,13,0.025522820733260888,0.016981978951366605,0
0.2900612949922053,tcp,ssh,REJ,177,878,10,5,0.22340954217274295,0.08050937462802907,0
0.6876592784638472,tcp,smtp,SF,395,886,12,8,0.04306358891292902,0.010338035259334577,0
0.3579304600790468,tcp,dns,SF,370,941,10,4,0.08041249933906869,0.057452992250724096,0
0.3352496763810817,tcp,ssh,SF,857,574,9,8,0.3080229805496187,0.006638744939569142,0
0.03758447776552253,udp,smtp,S0,790,999,9,5,0.08694337524746185,0.021806891909308738,0
0.9404920709825931,udp,http,SF,657,891,9,12,0.030786540699308827,0.012163344435612287,0
0.6985196328296385,tcp,ssh,SF,317,11,12,6,0.04567105622948109,0.006146070744876356,0
0.05285108738039248,udp,smtp,S0,735,140,5,9,0.09200554562070627,0.005057202171276304,0
0.32662592101036936,udp,http,S0,368,765,10,8,0.12571243407955124,0.030161168401955367,0
2.3888609510893404,udp,dns,RSTO,383,554,10,12,0.019069750956317407,0.013415417941212303,0
0.27386055214207705,udp,dns,SF,61,16,14,11,0.08115205098718689,0.08453588807669014,0
0.15653086098546976,tcp,dns,SF,805,62,8,6,0.1960608358059396,0.04577272981204487,0
0.6722721094736362,tcp,dns,SF,504,252,11,7,0.03465045970263657,0.09278356148615442,0
4.24403698261526,tcp,ftp,RSTO,238,464,12,3,0.01584246532897071,0.10959548685369536,0
0.2771448135597262,udp,ssh,SF,194,375,9,10,0.024909924929460467,0.11899072706714144,0
1.1151550102972934,tcp,ssh,RSTO,677,803,5,4,0.018961456198946854,0.0032757167789932875,0
1.4338876262394629,udp,ftp,REJ,962,980,12,9,0.060371095900459276,0.16753998941262643,0
0.2713331723358058,udp,smtp,RSTO,221,519,11,13,0.07037503884308721,0.012596425796950054,0
1.3027489284923162,tcp,smtp,REJ,60,836,15,13,0.05605786924370567,0.01608797051487769,0
0.458522799264304,udp,dns,SF,128,89,11,11,0.12522294007206294,0.005047692666855228,0
1.0005037477317713,tcp,http,REJ,989,719,3,11,0.33014863160134017,0.04966055886133019,0
1.0038378271376383,tcp,smtp,RSTO,684,803,10,6,0.11926526054981251,0.0339745586030048,0
0.7673852499523488,udp,http,S0,991,795,14,4,0.036246894960676526,0.009975270977503354,0
0.09462915881162096,tcp,ssh,REJ,155,629,10,11,0.031927759351479845,0.0042093970794163365,0
1.803644794246297,udp,http,REJ,916,860,8,6,0.062272278233776006,0.006487342095374337,0
0.3868102936673966,udp,ssh,SF,377,174,14,3,0.07444530919672261,0.01884549488564177,0
0.20643210660755654,tcp,ftp,RSTO,621,75,15,15,0.06416034463747307,0.010261048365308178,0
0.0416297597943452,tcp,ftp,REJ,780,612,8,4,0.14337266212886693,0.13647098387431617,0
0.8937784045945835,tcp,dns,REJ,922,925,8,14,0.1665758819687752,0.07292681639006879,0
1.1318517342673489,tcp,smtp,REJ,867,662,11,7,0.10092990736372488,0.05263476532596977,0
0.01672694755847062,icmp,dns,REJ,902,399,10,7,0.014704422819123443,0.022596636324257537,0
0.7176305845494884,tcp,ssh,S0,789,781,12,11,0.15383615722270322,0.061984719825202754,0
0.25682414705495765,tcp,dns,RSTO,585,969,9,5,0.039230917880240815,0.0026913061005938554,0
1.036124341547692,tcp,http,SF,998,70,10,8,0.16983787328627306,0.008654824276290902,0
0.19160422253913376,tcp,ssh,SF,436,179,10,7,0.11911770008330996,0.21408155012156857,0
1.174212527567719,udp,ftp,S0,974,123,7,3,0.011703641522264515,0.08928288439420307,0
0.4889587009811018,tcp,smtp,RSTO,206,380,11,7,0.2556359005335488,0.07271810842211487,0
2.760343817804307,udp,ssh,REJ,387,292,5,8,0.04593878575860731,0.05730631034014553,0
0.14794441343927894,tcp,ssh,S0,479,796,9,6,0.03205651622582553,0.021082827950537907,0
0.41713243399517175,icmp,http,RSTO,790,194,13,5,0.024424932921585957,0.010888082534791203,0
0.12044428503699642,tcp,smtp,REJ,886,910,18,8,0.10132527607721943,0.01029814081666996,0
2.5861903971507236,tcp,ftp,S0,837,227,11,5,0.05544838858736305,0.12483108813971569,0
2.098333707160994,udp,ssh,RSTO,983,430,12,9,0.11661098319745915,0.02031426682859718,0
0.2983273700614889,tcp,ssh,SF,339,941,9,6,0.051358759665839485,0.029131896309085366,0
1.0787627390439145,udp,http,SF,868,435,8,9,0.07874953086629596,0.023506575260946704,0
1.6994840726392213,tcp,dns,RSTO,339,786,6,12,0.08728283687458475,0.005656555545016728,0
0.8101323606865081,tcp,ftp,SF,203,460,10,12,0.03904522615707613,0.03685937268507219,0
0.7542794101939461,tcp,smtp,RSTO,160,617,14,5,0.10491239873677385,0.003169481444144476,0
0.27687704543790315,udp,ssh,REJ,539,20,10,8,0.0722074105731557,0.022162135201563533,0
0.09772614047494073,tcp,ssh,RSTO,391,63,6,6,0.0669816543471727,0.08260047858858442,0
2.275123225194523,tcp,ftp,REJ,768,164,8,4,0.14619911860486165,0.09770989663806831,0
2.3067744276484268,tcp,dns,S0,676,26,10,6,0.11290847592610893,0.06556425202387196,0
1.0026699194828848,tcp,ssh,RSTO,574,310,7,8,0.05936452889764149,0.1469041302660002,0
0.4140465098113239,tcp,ftp,S0,533,284,5,5,0.11636224384606979,0.011980937073634335,0
0.42956761581164393,udp,http,SF,69,659,12,7,0.031863905172269426,0.005941889532191278,0
1.294465429727118,icmp,dns,REJ,892,280,13,9,0.03481071891437791,0.01821803478465058,0
2.2740973491072523,icmp,smtp,RSTO,404,837,13,7,0.003267060102271074,0.02840556963421386,0
2.1811325693966133,udp,ssh,S0,607,830,6,12,0.016584345811124643,0.10172860776414863,0
1.5135621919309032,tcp,ftp,REJ,674,163,10,10,0.07434563433831388,0.0019431400746413967,0
1.027310693567705,udp,http,REJ,590,897,8,13,0.10372361419254793,0.01646993570975592,0
0.08789172619608406,tcp,smtp,SF,516,917,12,4,0.0726175149320993,0.12169827623227734,0
0.1762942146834115,tcp,ftp,SF,827,223,5,10,0.0329209069878719,0.028073152889252825,0
2.2882305001775056,tcp,ftp,REJ,119,783,13,8,0.23584261059065706,0.01760304694425208,0
0.9324939469655895,tcp,smtp,REJ,813,145,10,6,0.12413726893056595,0.039032650108078014,0
0.00923960561099441,udp,http,RSTO,689,964,11,6,0.08122590619979972,0.05825828770152424,0
0.10699690143594932,tcp,http,REJ,687,949,6,12,0.1569116195249317,0.11545699185955673,0
1.089162387290241,tcp,dns,RSTO,901,867,7,13,0.245783800828577,0.034724725377817664,0
0.005074437051797003,tcp,ssh,REJ,216,29,10,11,0.0922322042315475,0.09095119125849316,0
0.17531581610419905,icmp,smtp,SF,55,44,7,11,0.28512538215027333,0.13855391736274678,0
0.7956978461389317,tcp,smtp,RSTO,365,786,8,5,0.020690168318973023,0.006625070555512945,0
1.1773152866548127,tcp,smtp,S0,698,470,9,8,0.0727181986944952,0.08756441649984253,0
1.0554414821352487,tcp,http,SF,503,33,13,9,0.1095289582456327,0.028483102424505205,0
0.2539498673080245,udp,ssh,RSTO,743,652,9,15,0.055703096265169,0.10537541960082611,0
1.2454172888985389,tcp,dns,RSTO,766,426,14,12,0.1127271434713917,0.025060474301455894,0
0.2708237590528059,tcp,ftp,S0,924,829,14,7,0.07753683746538936,0.11926425830929786,0
0.39363490891808445,tcp,ftp,RSTO,454,885,4,9,0.025200543249010204,0.011068967370629618,0
1.3723575516657907,tcp,smtp,REJ,103,220,12,7,0.20175103909856357,0.05878587392825408,0
1.048773814302768,tcp,ssh,S0,76,867,6,7,0.0040285220819122015,0.145342598342294,0
1.891956077463401,tcp,http,SF,229,533,10,3,0.006524232908015138,0.0834927598140152,0
1.0718132881697624,icmp,ssh,SF,913,691,10,9,0.11921245343844887,0.08276674548233663,0
0.8400443055872574,tcp,ssh,REJ,257,947,5,10,0.060989979532382936,0.007304310371844704,0
0.09835706144841048,tcp,http,SF,263,366,13,10,0.22971253574706527,0.05643267237936052,0
0.45841630720702004,udp,smtp,RSTO,330,931,13,11,0.026024907096903763,0.12309771068132498,0
0.30816014785883117,tcp,ssh,RSTO,992,840,9,6,0.14080317712900933,0.1272309016408478,0
0.27970020366242127,tcp,ftp,REJ,181,742,12,5,0.0678564324309491,0.1340565112882273,0
3.6123094061629257,tcp,http,SF,892,914,16,4,0.10695354119101384,0.02189493853536017,0
0.4993874970400238,tcp,dns,SF,767,549,5,6,0.23442299225697413,0.02825555157037828,0
2.226055211248523,icmp,smtp,REJ,549,581,8,11,0.13401097564736342,0.02772751286122274,0
0.9973343857364831,tcp,http,S0,687,115,8,10,0.133315744907377,0.037364291763823804,0
1.5838252526883998,udp,dns,SF,26,238,14,15,0.1333552549369591,0.0021166545176033785,0
0.6984353243887704,tcp,dns,S0,275,334,14,9,0.19541721744268706,0.00887946600938765,0
0.860155902641585,tcp,ssh,SF,651,440,10,4,0.06000006273690648,0.061066666691429836,0
0.6782934333416935,tcp,ssh,SF,298,147,10,11,0.004841352011918897,0.03221411710380207,0
0.2172148953252385,tcp,ssh,SF,956,8,12,11,0.05845651464927205,0.02409479894134585,0
1.2817618030658038,tcp,http,SF,798,287,7,9,0.05112477527669191,0.062071879512394325,0
0.32957736836626295,udp,http,RSTO,90,387,6,11,0.06852938461461877,0.0019266439166503683,0
0.024616481080688615,tcp,smtp,S0,479,49,9,9,0.006413721402920308,0.09178942186192561,0
1.036968786295274,icmp,ssh,S0,572,849,6,4,0.005860896052557864,0.008678710449901244,0
0.1949335702248227,tcp,dns,SF,457,516,6,11,0.10032853227487495,0.03161784956092283,0
2.821083147273303,udp,ftp,SF,450,915,8,3,0.03214116282185761,0.059692119131243476,0
3.0775624127880232,udp,smtp,S0,364,854,10,8,0.017083502093376893,0.0481962685678232,0
2.4635098846338415,udp,http,RSTO,858,637,12,8,0.016711295840986906,0.02871599138370211,0
0.4622873964973667,udp,smtp,REJ,674,586,14,4,0.07843624098881492,0.024058010257606486,0
0.015577315371944383,udp,smtp,REJ,350,676,13,3,0.0037953400491486018,0.0522857582470977,0
2.6355234573318898,tcp,smtp,S0,654,277,10,4,0.1470368497611406,0.1065223935059939,0
0.5589382770530613,tcp,smtp,SF,399,953,12,6,0.02325312552835063,0.0751916648229667,0
3.400842016122056,tcp,ftp,SF,252,835,8,8,0.12949619353488429,0.10270730853256911,0
3.3137354761302054,udp,ssh,RSTO,780,988,10,9,0.002676823721274942,0.021181824293332086,0
1.917387017179419,tcp,dns,REJ,880,299,9,5,0.08443990041870161,0.025771616102010064,0
0.3487760681721603,udp,smtp,RSTO,802,801,11,8,0.041699191259528416,0.06601793513210075,0
0.4862919320986936,tcp,smtp,REJ,458,588,9,7,0.16875421270009844,0.019753948915767504,0
1.9047266524780797,tcp,smtp,S0,698,809,7,9,0.04169405972939372,0.01236545618520619,0
0.3811462314307171,tcp,ssh,REJ,916,648,14,6,0.11660633121753464,0.012075151244840016,0
0.18571861629575478,tcp,http,RSTO,498,617,17,5,0.031220820099795456,0.008288013721109608,0
0.8137369920602278,tcp,http,RSTO,949,606,13,1,0.008048129801261662,0.10326822292198666,0
2.751293470807042,tcp,ftp,RSTO,970,134,8,9,0.017578510462903353,0.014606357718704326,0
1.1908255977579372,tcp,http,S0,925,579,10,8,0.12475276518949771,0.03558801412185939,0
0.8441123364356555,tcp,smtp,REJ,507,146,11,3,0.0026908509243514524,0.041882602640814524,0
0.10222819734932288,tcp,smtp,REJ,303,489,7,7,0.06242247334562152,0.03720858729866093,0
0.9545307155177177,tcp,smtp,RSTO,500,477,10,9,0.04232047053042408,0.03819857325983282,0
4.610569747846317,udp,ftp,REJ,802,158,5,6,0.10746850334229417,0.05432839218175264,0
0.15092058664226415,tcp,smtp,SF,597,383,11,5,0.013613062120565967,0.02663966413772262,0
0.7304953249815037,tcp,http,SF,165,162,7,5,0.046616851535406366,0.037516861481940667,0
2.0986086379007944,tcp,ssh,SF,414,440,9,9,0.06791801990483828,0.02251307366991003,0
1.35003424835367,tcp,ssh,REJ,461,852,15,8,0.06260790978042574,0.05688572313821698,0
1.194074425301673,tcp,dns,S0,919,188,8,9,0.07658494343244382,0.005109572008267598,0
1.21228755622449,tcp,http,S0,113,414,7,6,0.09516473592813031,0.043720180021023416,0
0.4454923423149491,tcp,smtp,S0,432,338,11,7,0.001116575774186827,0.011108801120264526,0
0.3475620842670952,tcp,ssh,S0,991,606,12,6,0.305399933990692,0.017057286738813515,0
1.6573745072597124,tcp,http,SF,355,180,11,8,0.009332397664068737,0.00113895855640969,0
1.6613281990870288,udp,ssh,SF,927,287,11,10,0.13233955768015374,0.10352830972865164,0
2.017950047367915,udp,smtp,RSTO,694,833,6,14,0.12351733901376057,0.03248926123793985,0
2.4446159618366363,tcp,ssh,REJ,206,186,7,11,0.04552218508386128,0.06479545875536266,0
0.7160932369329037,tcp,dns,REJ,767,883,9,15,0.09358672903713781,0.042918599765595256,0
0.6961843775511992,tcp,dns,S0,234,137,14,6,0.0728033851314617,0.10721266445562955,0
1.6009499323084875,tcp,ssh,SF,441,129,12,10,0.23834384538049913,0.012217896053869812,0
1.0497190748878003,icmp,http,S0,354,193,8,4,0.022699915004764714,0.04882468990063269,0
1.210550648511517,tcp,http,RSTO,514,315,4,5,0.0927216333678723,0.030410299529646558,0
1.5886194749542049,tcp,http,REJ,207,983,11,7,0.10594468731075873,0.023692520367304574,0
2.207323476346767,tcp,ssh,REJ,708,784,16,11,0.11138592570636213,0.026587084878434267,0
0.4124824071376542,udp,http,S0,852,863,13,5,0.009317428178611559,0.02793062272510383,0
0.47093678872755634,tcp,smtp,RSTO,124,143,12,8,0.119885521112743,0.022827162967774203,0
0.09869603918736056,tcp,dns,REJ,137,15,10,9,0.015643130595392078,0.008904636563186191,0
0.8634140266094347,tcp,smtp,RSTO,338,301,10,15,0.38760151969633083,0.105616769687677,0
0.036604104210857,tcp,http,RSTO,536,422,10,6,0.18567735139552463,0.05187559276473002,0
0.6266069481821096,tcp,smtp,S0,67,244,8,6,0.056587564930898816,0.01106924106461345,0
0.782294585687126,tcp,http,SF,572,926,9,7,0.05059069097335349,0.08582885652162629,0
0.3376306603145225,tcp,ssh,S0,540,106,14,6,0.2599601668246515,0.0592059240477538,0
0.8936325301461753,tcp,smtp,SF,382,87,6,4,0.0056885931342733655,0.1358664137929061,0
0.030975062101474545,tcp,ssh,RSTO,18,128,13,3,0.20099475460800462,0.008844718432261454,0
0.03806349928278938,tcp,ssh,SF,682,906,9,8,0.07845422780113513,0.027945876662932304,0
1.729351369538136,tcp,ftp,RSTO,449,886,11,8,0.005518352307029608,0.010097151033226422,0
0.4465850242077447,tcp,http,REJ,73,340,10,4,0.10753530968581244,0.004685783552290899,0
0.135889041297428,udp,dns,REJ,572,3,20,5,0.07400226856684278,0.016033587042388466,0
0.7386535882790156,tcp,http,REJ,938,326,9,11,0.014320643729884576,0.0019336696269638821,0
1.4696479404457352,tcp,dns,S0,664,409,8,7,0.045969595881665624,0.00804617389403956,0
0.24311800342990336,tcp,http,S0,275,878,9,10,0.3301185218997939,0.038410914599789785,0
0.9752196186564929,tcp,ssh,RSTO,47,305,8,9,0.07189581329286608,0.02566556659396341,0
0.08921102898989729,udp,smtp,REJ,210,907,10,8,0.2585511944848443,0.03363721935133711,0
0.053065095910309404,tcp,smtp,S0,854,606,13,8,0.03148714165113272,0.01123851784716534,0
0.7579089406255209,udp,ftp,REJ,919,720,3,11,0.08887760113027209,0.030601169705759202,0
0.7779104426947422,tcp,dns,S0,650,224,7,12,0.0327108686011836,0.026467484399122734,0
1.0145374482046159,tcp,dns,SF,621,970,16,8,0.031741918458232196,0.018862583660296587,0
1.2949605629166843,udp,dns,SF,993,347,8,8,0.18453394567377499,0.008443452089079598,0
3.7235570086999927,udp,ssh,REJ,694,991,5,6,0.02957789519982052,0.04688877817624999,0
0.7262911192303563,udp,dns,RSTO,539,320,11,13,0.011121783481709118,0.16689728725319608,0
0.3900197141059788,udp,smtp,S0,708,558,13,4,0.04286685441458484,0.03078509077883509,0
1.5856539797326863,tcp,ssh,S0,190,987,17,12,0.037391693033885516,0.07131297547714331,0
0.3158514654361373,udp,http,SF,314,180,16,4,0.19432025507532638,0.05220734337702912,0
0.5779834312733013,tcp,dns,SF,900,617,10,12,0.06949671728077293,0.028755899140017447,0
0.0817051685836699,udp,dns,RSTO,562,710,8,9,0.17521693303584518,0.010728678516555451,0
0.02567760954147438,tcp,http,RSTO,660,385,13,10,0.09453937257994918,0.04382151452648196,0
3.287379923268602,udp,dns,RSTO,779,617,11,10,0.060613244832289324,0.08637554020080612,0
1.8077676421150626,tcp,http,REJ,561,791,9,8,0.14322394853215464,0.013773014860344978,0
1.1906427327993416,tcp,ssh,SF,899,771,12,6,0.036569109079299215,0.004205732686995499,0
0.5258596444651419,tcp,smtp,REJ,757,107,4,11,0.19949983147829495,0.0017874122119657528,0
0.19030653614210874,udp,http,SF,112,530,10,8,0.062005755745807675,0.07437539890078934,0
0.17012074157285414,tcp,ftp,SF,169,409,9,8,0.13860450601878704,0.017974677814525525,0
0.2880059891265836,tcp,http,S0,467,970,8,10,0.09885059946558278,0.025806768660290438,0
0.7967906483133146,tcp,dns,SF,677,295,12,9,0.017932665861595882,0.08325245595081622,0
1.2538492877767757,tcp,ssh,SF,920,817,13,8,0.015097190077178312,0.037659090479774546,0
1.0793903496967985,udp,ssh,REJ,13,170,10,3,0.13233460092514365,0.0009161699155857465,0
0.32841226138899593,tcp,http,SF,714,330,12,9,0.19731791033015383,0.04676301645767444,0
3.0981034985563065,icmp,smtp,REJ,287,492,5,10,0.06757277088596485,0.019510412098964175,0
1.3390174048752264,tcp,ftp,RSTO,906,194,6,6,0.14268793177465183,0.02381556716012125,0
0.8082304819313313,tcp,ssh,SF,188,11,14,6,0.058105751223456036,0.02569278020830847,0
0.9460304720374351,udp,dns,SF,913,194,8,6,0.09062714455500702,0.07494172853667769,0
0.5440378655320514,tcp,dns,REJ,154,489,8,7,0.14463412900475062,0.11195170907435244,0
0.2846612922740635,tcp,smtp,RSTO,566,794,12,11,0.006125117817773839,0.06964209289010623,0
0.4400141293231124,tcp,ssh,S0,693,880,10,7,0.1255424974617879,0.00812600964470338,0
1.4181818477567132,udp,http,RSTO,721,181,8,8,0.01249229736093479,0.038195155850906035,0
0.014498079720804276,tcp,dns,REJ,887,961,7,7,0.13218229150502087,0.0058574224141397045,0
0.12338039223997604,icmp,smtp,RSTO,470,816,7,9,0.06166582929571575,0.11303521588497513,0
0.04709437695252053,icmp,ssh,REJ,74,655,7,3,0.07600099979353613,0.002881335731125388,0
0.04158145191729243,tcp,ssh,REJ,276,897,10,4,0.05037437981839527,0.06558432093113988,0
1.9342030336156586,tcp,ssh,S0,939,315,11,14,0.08999916426145715,0.08170959659344897,0
1.2162406117006883,tcp,ssh,SF,644,693,7,12,0.05636556798336962,0.05567897209821023,0
0.6427845944128924,tcp,ssh,REJ,342,29,9,12,0.006224507576965338,0.17571119324729345,0
0.10295691844781325,tcp,dns,REJ,424,595,8,4,0.015890190568999943,0.05168676100735602,0
0.6765179657972332,tcp,smtp,S0,570,677,12,9,0.23537926885938634,0.043278213944607465,0
0.6414503320943712,tcp,ssh,REJ,510,795,11,9,0.02752613896966237,0.0237785754239702,0
0.19019471280022499,udp,ftp,SF,856,792,10,9,0.1261875390080257,0.010470962133331738,0
0.5688991313023238,udp,ftp,S0,181,95,14,5,0.06487765870785482,0.057909345806460254,0
0.5083366145832069,udp,smtp,SF,457,380,15,12,0.1548944789930464,0.09573111591507269,0
0.9567224329131345,tcp,http,SF,917,777,6,11,0.14324642857273073,0.00011277900342280349,0
1.008114536040912,tcp,http,S0,850,443,5,3,0.15950793056918441,0.0657698238177642,0
0.04636232402053473,tcp,http,REJ,832,297,6,1,0.2010688280350615,0.04128649287906898,0
0.4693840046550615,icmp,ftp,SF,63,807,12,9,0.023270825590718518,0.016821305137285476,0
0.9831249947827285,tcp,http,SF,838,736,13,9,0.14235530402437957,0.024710087432767713,0
0.6994394526077897,udp,dns,SF,259,844,13,6,0.02626812706625468,0.07465007878854346,0
1.9413494531754387,tcp,ssh,SF,192,360,11,12,0.0014341386545841557,0.019009139908075415,0
1.0749747640549978,tcp,ftp,S0,654,373,9,10,0.01583495473033827,0.024754263410118455,0
0.17785286876730733,udp,smtp,S0,615,553,14,8,0.11397987382516675,0.058587773191779983,0
0.07318243625624084,tcp,smtp,RSTO,971,302,10,8,0.1268463381851707,0.031221942347470187,0
1.028394147108891,udp,ssh,RSTO,405,420,8,7,0.044536176153955914,0.0013356928201360542,0
0.02686907266739443,udp,ftp,SF,725,245,9,10,0.037033180687755345,0.02666425261318643,0
0.8813473778072907,tcp,http,REJ,753,719,16,11,0.10351611892243988,0.05665671010929543,0
2.817255455387152,tcp,http,SF,942,236,5,7,0.09789720368680363,0.0402658458883321,0
0.8567824455775445,tcp,dns,REJ,720,533,10,8,0.047558871170786936,0.003332703683731132,0
0.49130069222390726,udp,dns,SF,92,184,5,13,0.019631357024185732,0.05704326642489882,0
1.030827157844982,tcp,http,RSTO,429,467,8,9,0.12157134798484356,0.08702316966766456,0
0.6129559740510913,tcp,smtp,RSTO,653,753,12,2,0.045030388576183744,0.057480321795606824,0
0.7888143605763202,tcp,smtp,REJ,433,362,10,6,0.030043445208929015,0.07971851274163257,0
2.838127146232999,udp,dns,SF,403,282,9,3,0.15087704985693895,0.046032487668026534,0
0.48792752735018713,tcp,ssh,REJ,433,552,8,5,0.12048630834313956,0.0073854149524776634,0
3.249091861506754,udp,http,RSTO,111,335,9,12,0.10754137140977071,0.022508845704733174,0
2.357576183769919,udp,dns,SF,928,161,9,7,0.06697847151870094,0.13492155772963188,0
0.21789626094045,tcp,dns,SF,374,159,12,8,0.08205661522781685,0.09611921376075062,0
0.07188415530315702,tcp,http,REJ,58,473,11,5,0.022627930749581204,0.022328086453004246,0
0.10622533548163021,icmp,http,S0,42,600,7,9,0.10531264520553163,0.08423936823905935,0
0.018389887847233704,tcp,smtp,REJ,206,321,7,8,0.07128205899728324,0.08328848523298119,0
0.09920501165575414,udp,ssh,RSTO,779,11,14,11,0.05485801856275933,0.0035919921682304656,0
1.1488748725771671,tcp,ssh,RSTO,295,423,3,5,0.06929483796249174,0.062422101701100546,0
0.07384962694642702,tcp,http,RSTO,117,72,11,7,0.05481591822945259,0.020696977890347,0
0.3841571882948685,udp,ftp,RSTO,531,587,10,7,0.05772762373197497,0.01528854782416657,0
1.863526040097277,tcp,dns,RSTO,221,857,9,3,0.15895014463839227,0.04118404729302548,0
0.02354700318071151,tcp,dns,S0,165,200,10,10,0.05492426962321705,0.005245743403152204,0
1.6845305061859586,tcp,http,SF,642,521,6,7,0.007453899487240245,0.019243597076604575,0
0.33108346683962947,tcp,ftp,REJ,155,863,12,5,0.062003104791350794,0.055587229061306066,0
0.12575011982910764,tcp,smtp,REJ,183,504,6,7,0.03369634732038775,0.07877288089853149,0
1.1931554084399134,tcp,http,RSTO,89,737,10,5,0.07335494029269109,0.06476072657747656,0
0.9913991764332203,icmp,http,REJ,93,687,9,7,0.0663698456349799,0.16150640436678734,0
2.0994158140869468,tcp,dns,RSTO,12,787,8,11,0.031007923272263305,0.010748893369676646,0
1.3282935787644004,tcp,http,S0,972,38,8,4,0.03926099206114936,0.1403830763659519,0
1.6269958059939782,tcp,http,S0,833,59,11,10,0.0017120137941265298,0.0023155085367880714,0
0.33133386230673856,udp,http,SF,804,577,13,9,0.05827305049205244,0.04586090124173282,0
0.19533329604044697,tcp,dns,S0,944,320,13,10,0.02188571286327598,0.00438978422727869,0
1.3887563960054248,icmp,smtp,S0,741,434,13,10,0.008068947046927448,0.029516467640104273,0
1.6442091832434196,tcp,smtp,SF,833,635,14,7,0.10134653343331423,0.03752799166125202,0
4.657004890140231,tcp,http,REJ,803,675,8,5,0.3056634088109813,0.11532457909495243,0
0.532079354152605,tcp,dns,RSTO,437,407,7,7,0.008937971907683619,0.03358884678618385,0
0.4652439119617327,tcp,smtp,RSTO,537,922,11,5,0.01659379970615414,0.01551700441792017,0
1.497954503343587,tcp,smtp,REJ,586,385,10,3,0.06665111444970273,0.03965098307568198,0
0.41673367093075314,tcp,smtp,SF,967,670,8,3,0.06932013495386566,0.002391483003922396,0
2.6701379243993264,udp,dns,REJ,875,568,9,9,0.09009854611080025,0.008249812844477207,0
1.9548391571662491,tcp,dns,S0,935,77,12,10,0.01872067013491932,0.07118050052851388,0
0.5603556094421597,tcp,http,SF,810,193,8,8,0.008205187706259633,0.03361165639999082,0
1.389784716495461,tcp,ssh,SF,149,284,7,6,0.04897956816522297,0.01110175136490627,0
1.4046329868550171,udp,smtp,SF,659,526,15,5,0.16485967551034011,0.019643538561820634,0
0.10883751880671802,tcp,ssh,RSTO,7,523,9,7,0.07639984186392733,0.1688721942881502,0
2.328445680867632,tcp,dns,REJ,28,612,19,7,0.09473573031178638,0.045647290178303504,0
0.7037074897567543,tcp,dns,SF,295,155,10,8,0.19601579659467092,0.059161417150042014,0
1.75133255752333,udp,dns,SF,985,339,6,9,0.024341715565391168,0.024837407435225313,0
0.3857354261645083,tcp,ssh,SF,925,124,10,11,0.09261432487890395,0.10080413151343406,0
2.258790514545926,tcp,dns,REJ,720,870,11,6,0.009594707478898469,0.0005969474551219325,0
0.4929884540601712,udp,http,RSTO,639,279,7,8,0.052939541014318095,0.03687163867350137,0
0.010896806615175478,udp,dns,S0,339,916,8,9,0.11853239690948857,0.0007424321527336922,0
2.3579072969624537,tcp,ftp,RSTO,627,905,5,7,0.24393787756263713,0.04994351352896302,0
0.09572561054847525,udp,ssh,SF,438,621,14,6,0.09522783832022776,0.03690378939361748,0
0.3846536333850389,tcp,ftp,RSTO,143,845,10,8,0.07783944981138811,0.0005209968147980052,0
2.9969723831882855,tcp,dns,RSTO,941,868,11,9,0.11139687794841369,0.035336622469746,0
3.0079495401039895,tcp,http,S0,829,657,5,8,0.08306724836115827,0.01383447536190887,0
0.8519972910552638,tcp,smtp,REJ,746,727,11,13,0.08337447953888721,0.0028647119799649337,0
0.9992300803905246,tcp,dns,REJ,518,909,14,9,0.0100349039862959,0.018942349904917454,0
0.5950146636228576,udp,http,RSTO,975,673,8,9,0.026640180756165182,0.01962144704413298,0
0.347022778746197,tcp,ssh,RSTO,44,127,16,11,0.06730626182391959,0.18541122152496825,0
0.39848633455038973,tcp,ftp,REJ,954,313,12,7,0.0012830743505918723,0.03881772654400385,0
1.1163235799285063,tcp,ftp,REJ,238,331,8,7,0.07918247795993939,0.0024871907580459934,0
1.3958378736630772,udp,ftp,S0,951,149,8,6,0.307000301667521,0.03710250004087036,0
1.5681954162211487,tcp,ssh,SF,943,453,5,6,0.004083160547667076,0.009778869082593115,0
1.5588310318487417,tcp,http,RSTO,154,35,6,12,0.10148506258942264,0.02214540097791087,0
0.09563694654031944,tcp,ssh,REJ,180,684,10,8,0.010078456838789265,0.027991047814973143,0
0.682049596573356,tcp,ftp,RSTO,214,419,12,8,0.01766556460144316,0.10529731411984353,0
0.05928170644873779,icmp,dns,RSTO,87,21,11,3,0.14910668096220436,0.012507140722474977,0
0.7974613156953929,icmp,smtp,REJ,255,205,16,11,0.09177602267774974,0.03082177382122572,0
0.5825552749872835,tcp,ssh,S0,510,638,9,9,0.22891048088149002,0.09942981602096912,0
2.186618664220801,icmp,ssh,RSTO,72,847,8,12,0.029055340228900536,0.004855413664254344,0
0.4321916194678851,tcp,http,S0,930,956,11,8,0.11803724167001985,0.0789637849995166,0
0.12450597755245087,udp,http,REJ,178,355,12,5,0.03857328735330358,0.02743098848161782,0
0.15430765454211937,tcp,ssh,SF,211,439,11,6,0.016214993708204454,0.00747136796986584,0
1.4334305470790938,tcp,ftp,SF,804,728,10,5,0.020221135349875612,0.07876670905741284,0
0.962905679748035,tcp,smtp,RSTO,233,95,12,7,0.04713193534610102,0.08333442014285618,0
0.10660871224538544,tcp,http,REJ,464,928,7,10,0.12744668624429742,0.005028859205471342,0
0.08785552166860508,tcp,ftp,S0,750,940,17,6,0.044304539327395906,0.06705914375421168,0
1.2072084716530997,tcp,dns,RSTO,222,163,6,6,0.1030743416120285,0.017178668982939977,0
0.07554608952579714,tcp,http,REJ,630,147,5,8,0.07367031661202601,0.006132837013628187,0
1.7251858538085814,udp,ftp,REJ,824,529,12,7,0.03551807789000063,0.021923219348378747,0
1.224999753130005,tcp,ftp,S0,263,293,8,9,0.29218986297249155,0.11282998592316204,0
0.08484875058031206,tcp,smtp,RSTO,206,194,8,3,0.060065975562529746,0.06655364213032365,0
0.08865386777780669,icmp,smtp,REJ,606,662,11,7,0.06048302318308797,0.08716687027111064,0
4.315458562058092,tcp,dns,REJ,884,479,10,11,0.019018156477111654,0.08079559440434703,0
0.4688375825522896,tcp,ftp,REJ,733,876,8,13,0.17227614544051764,0.009803901743656484,0
0.4630552604753125,tcp,ftp,S0,365,122,8,6,0.09331104568677154,0.011144314998595143,0
1.675575403282677,udp,smtp,RSTO,275,399,13,4,0.01969588195421896,0.12082740958615763,0
2.9421645379632437,tcp,http,RSTO,379,698,8,9,0.21072214175187534,0.06576857491378532,0
4.268773939601984,tcp,http,RSTO,742,964,9,5,0.012349747988321768,0.004982959459842292,0
1.3998992301163418,udp,ssh,RSTO,308,451,17,7,0.09419557813688655,0.0858767132318311,0
0.47202099961912564,udp,smtp,SF,630,660,7,7,0.20328716064219574,0.014773524426378241,0
0.08719399369795726,tcp,ssh,SF,267,103,7,11,0.15601812310418106,0.03273373605676201,0
1.5012425404546257,tcp,smtp,RSTO,944,754,11,8,0.1904390721860055,0.042634645429467426,0
0.817360407561493,tcp,dns,S0,784,461,14,6,0.11389914265944169,0.010457132410289996,0
0.5520331253049737,udp,ftp,SF,63,742,6,7,0.05783066998896192,0.023840901272660867,0
2.3682376754780905,tcp,dns,REJ,809,990,10,5,0.03515960252954964,0.000807643188196358,0
0.11788020797188024,tcp,smtp,SF,349,717,14,5,0.0598312104863247,0.0006372630017403128,0
0.6785051093729543,udp,ftp,REJ,924,709,17,7,0.07903661753013756,0.009317819107605586,0
0.011418589432541669,tcp,http,RSTO,914,395,11,6,0.3321142046377583,0.10417443286143797,0
0.6323543695829262,tcp,http,SF,493,911,10,10,0.16548916358338991,0.10798556793932634,0
0.057950431065925775,tcp,ssh,S0,522,336,7,8,0.006252999621470775,0.05418944509585832,0
0.12649099593117122,tcp,smtp,SF,97,598,10,10,0.16570952345263779,0.05480095391754822,0
0.12502623200745627,tcp,smtp,SF,945,141,13,5,0.17535584274691268,0.007640594637612924,0
1.0475683864069716,tcp,http,SF,70,316,11,7,0.059722910957979713,0.10376240998445647,0
1.3705977175964728,tcp,dns,RSTO,363,710,10,9,0.07367197810431152,0.12780723729231488,0
0.8755537772028685,tcp,ftp,S0,569,557,9,5,0.038244533079763554,0.0035540410930311552,0
3.274720209102377,icmp,dns,SF,801,799,10,9,0.0317885518889354,0.022629209370474766,0
0.4697965779202672,tcp,dns,S0,762,526,7,7,0.27859598259028023,0.024636014935956574,0
0.3364691574205587,icmp,http,RSTO,275,555,6,6,0.06490774368876678,0.14333158236427923,0
2.0295025381702296,tcp,http,REJ,49,400,7,12,0.14698086661258478,0.032053269731695734,0
0.2530820677318534,udp,http,SF,357,680,3,11,0.012651860661144815,0.008001478127789077,0
3.302870106251911,udp,ssh,S0,727,309,5,5,0.06273593887994983,0.16961208357565716,0
0.012228944358969308,tcp,dns,S0,905,494,9,5,0.20904647818909347,0.06228673551015508,0
3.5025269228794818,udp,smtp,RSTO,927,555,6,5,0.021576739908689257,0.022270915883861583,0
0.044118998618501895,udp,ftp,SF,563,609,8,8,0.17760255453643997,0.019866654025286735,0
2.217721229160009,tcp,ssh,REJ,782,772,12,5,0.02453393506528759,0.10264174580138496,0
0.7501432503493903,tcp,smtp,S0,484,108,8,10,0.14047440332037034,0.006596954518622765,0
4.956828607926033,tcp,dns,SF,83,794,9,12,0.1811133528965044,0.006086718569942954,0
0.07666137595445494,udp,http,REJ,898,371,7,7,0.16674927537908452,0.026335176574964966,0
0.8071096637333488,udp,dns,S0,804,854,11,8,0.15648995231036814,0.15561453251884466,0
3.483575221256005,udp,ftp,S0,637,615,17,11,0.27431242828402114,0.00696140150727346,0
0.740443933181044,tcp,ssh,REJ,807,767,11,10,0.038016674725339705,0.11449468706649119,0
0.9926282903811874,udp,ssh,REJ,583,890,14,8,0.08710570810915806,0.04287167593469492,0
1.1899012381167742,tcp,ftp,RSTO,295,205,8,11,0.0009376942881612962,0.06902488359293402,0
0.6061277556769509,tcp,smtp,SF,235,846,13,9,0.12756516799378334,0.019434612327371478,0
0.9876741730080221,tcp,smtp,SF,55,42,8,11,0.11383593810143473,0.00037699423511847587,0
0.8778258618057556,tcp,ssh,RSTO,918,864,14,10,0.20423390178695194,0.016841720789680426,0
2.3142327694826474,tcp,ssh,S0,359,244,15,5,0.006139125731600586,0.03185717321131044,0
0.046511461743480975,tcp,http,REJ,906,286,4,13,0.10851807934220085,0.004038490854905393,0
0.32984272589875846,tcp,smtp,REJ,109,354,12,6,0.05546565704884617,0.01678418899832189,0
3.003996005860931,tcp,ftp,REJ,191,784,5,9,0.07931583209077528,0.055826775522210575,0
2.209675828453486,tcp,smtp,S0,903,475,8,4,0.2688014076281365,0.00952814204873996,0
0.60817526195962,tcp,http,REJ,92,82,12,10,0.15483400916561163,0.021768637130811112,0
0.9679330287389772,tcp,ssh,REJ,861,109,7,5,0.01788359027751893,0.060230519181372705,0
0.32487341989513013,tcp,ssh,RSTO,567,949,7,9,0.27087709606660226,0.024148119233637577,0
0.2084041614360645,tcp,http,S0,59,189,5,7,0.017749587483528468,0.1238471798650741,0
0.6230585988040988,tcp,ftp,SF,649,982,9,11,0.04380209860301039,0.008348081538134735,0
0.43595353461673336,tcp,ssh,RSTO,38,799,6,7,0.026375492393887014,0.06341470659482391,0
0.876243706006643,tcp,dns,RSTO,539,935,11,6,0.09072630297163084,0.004719562029446571,0
0.08092228443318479,tcp,ssh,SF,48,908,13,12,0.013267254651041267,0.026741266654062165,0
3.6649601225225674,tcp,dns,RSTO,419,250,8,9,0.2532860686584645,0.14991575105005817,0
4.2838655755525386,udp,http,S0,636,723,4,7,0.41000505030417456,0.01937116164175747,0
59.893194095639466,tcp,http,REJ,22420,48298,13,8,0.07820746520672862,0.1138464760886774,1
38.403921720604494,tcp,ssh,S0,21351,21709,6,7,0.1446975606256983,0.03050933335746766,1
18.518965077718,tcp,smtp,SF,9131,14726,8,8,0.13378831975820502,0.061336121555312456,1
84.04535837439984,tcp,dns,SF,49825,45542,11,8,0.14677424424082372,0.05339629141085117,1
57.716479182440786,tcp,ftp,RSTO,16349,25245,8,5,0.10856238894777763,0.060362172739104845,1
8.873682705024418,tcp,ssh,S0,49254,39753,12,6,0.0031228867021444264,0.00048075537672225276,1
120.91505459995638,tcp,ftp,S0,43225,19252,15,7,0.06165536409288945,0.0044521265521945295,1
86.44972556836356,tcp,ssh,SF,43847,26316,11,9,0.05107638485545026,0.010468131868175926,1
149.5869262516718,tcp,smtp,S0,17453,42371,11,4,0.30915818567238856,0.04028062086713691,1
64.68020020980671,udp,smtp,SF,23814,24162,9,8,0.0007630199035083805,0.08167905816727199,1
47.52020097956864,udp,smtp,S0,23263,20960,6,5,0.20667572351149904,0.0353209170666456,1
27.085125329655668,udp,smtp,S0,17158,35791,7,11,0.017397279935670994,0.0015209077012778283,1
134.9509180773559,icmp,http,S0,20735,47230,12,8,0.028435981644331913,0.049022758193089246,1
100.519619002346,tcp,http,SF,20830,30216,9,6,0.0236301036659103,0.06001851875057182,1
2.3136469326561393,tcp,dns,RSTO,49673,37467,7,10,0.0953108459674646,0.056098309218385406,1
1.3360408433255682,tcp,ftp,S0,28926,12754,12,10,0.35580520362625584,0.09607974079593852,1
23.617388079163142,tcp,ssh,SF,39779,9078,14,4,0.10835062613917835,0.0206906832820361,1
83.18238614980432,udp,ssh,SF,8373,17853,6,13,0.07009465360139584,0.06998720436304014,1
218.2137734110084,tcp,http,S0,15335,9042,9,11,0.006886821844020749,0.009080974504015923,1
8.150475496723985,udp,ssh,S0,28741,19389,11,12,0.0062095661132932104,0.09300960170839682,1
45.08620651078679,tcp,http,RSTO,15692,35425,12,7,0.027436428915078408,0.025915258936873912,1
23.973684987904807,udp,dns,SF,39057,7575,10,12,0.10912786748012825,0.03008266869250116,1
175.18542771879814,tcp,ftp,SF,6447,44522,12,9,0.04209444415176912,0.162079775138498,1
92.29566037168173,tcp,dns,REJ,24583,33179,15,18,0.08473348563576838,0.021499080766237102,1
91.10950232349286,tcp,smtp,SF,27765,39754,10,5,0.1373569520045436,0.04145051548845346,1
31.620778556988675,tcp,smtp,RSTO,28906,23624,6,5,0.038641144118394435,0.006121841390847616,1
26.79174681636745,tcp,smtp,REJ,24567,25350,12,10,0.08296069076628267,0.08171389867963998,1
15.96944460750306,tcp,dns,REJ,19139,31681,5,10,0.19384639435850054,0.026640988373671435,1
2.901348192241811,udp,ssh,REJ,43230,28988,10,10,0.23585772666730465,0.002555170987445941,1
100.02130700016552,tcp,ftp,S0,24520,20470,16,6,0.018396310596517657,0.08749359209441422,1
83.80587196249614,tcp,smtp,S0,24702,29704,15,9,0.041852438166989143,0.04937613734263358,1
408.6222798909041,tcp,smtp,SF,30566,43736,10,11,0.04236555598759927,0.03664465914696556,1
284.74367003721665,udp,smtp,REJ,12657,34377,8,4,0.007504995507347935,0.025323688122205708,1
40.5325796320697,tcp,ftp,RSTO,42688,33572,10,3,0.17136522574824278,0.1054505928972663,1
73.26415451031303,tcp,smtp,S0,35134,12493,6,6,0.13885572657006623,0.018772508949292638,1
144.8085841437218,tcp,ftp,RSTO,15345,9103,9,9,0.06087227243978933,0.10398652163569214,1
94.73860073546228,tcp,smtp,RSTO,46185,39844,12,10,0.07769937725896706,0.10786260906726251,1
14.207622229057327,tcp,dns,S0,32413,7994,18,7,0.004399007790681211,0.045800384239372736,1
29.941341369993225,tcp,dns,S0,10208,8744,5,5,0.09913150083921408,0.10644028017679096,1
6.914817215654432,tcp,ftp,S0,38455,32332,7,9,0.09630626616116865,0.033785062477876576,1
154.01118932208544,udp,dns,S0,33018,10594,16,9,0.1338777617949304,0.05366424556421864,1
46.59238512943091,tcp,ftp,REJ,13080,45299,8,11,0.014320623715104173,0.11833677426092873,1
12.980186270924184,tcp,dns,REJ,26902,12371,11,7,0.08660797240483344,0.0030586141343699356,1
55.69147695866251,tcp,dns,REJ,14486,23028,11,8,0.09641385765362705,0.014536794686821647,1
48.133521737153586,icmp,ftp,REJ,43862,40912,6,12,0.04083958233911622,0.01176420944680991,1
22.171023114855302,tcp,ssh,SF,26158,18990,2,4,0.10353090790890937,0.02374169966612598,1
6.026956069923464,udp,dns,REJ,45460,21626,12,4,0.04000762784111752,0.033812552432130195,1
55.67206417595511,tcp,smtp,S0,48856,25469,8,10,0.010409678987385023,0.024322727857160702,1
36.730521209301884,tcp,ssh,RSTO,40871,45722,13,7,0.07541198138871212,0.010445061292880184,1
73.99035404802575,tcp,ftp,REJ,40208,45037,7,9,0.13094050453632977,0.04226143072315378,1
36.71549302117575,icmp,ssh,SF,25519,12130,8,5,0.007266654069123154,0.050531648994282835,1
95.5885055654242,tcp,http,S0,36379,11828,10,13,0.02231625310875789,0.07118544835247931,1
40.13770595107437,udp,http,RSTO,33378,46612,12,10,0.00045495129965177924,0.0488707929530221,1
41.155729049007356,udp,dns,RSTO,44892,44099,13,9,0.0061641882968478745,0.015243979919055482,1
104.63793216148858,tcp,dns,REJ,19031,22883,6,8,0.18405348696560456,0.036750756367057165,1
25.83236569940585,tcp,smtp,RSTO,19536,48059,7,10,0.09728211216399034,0.008589580128105533,1
7.194397769514947,tcp,ssh,REJ,5446,23542,13,9,0.10099450031255407,0.027397453482996954,1
1.460251071604734,tcp,http,REJ,41683,47932,14,5,0.08203010969932482,0.14705109536159314,1
70.35287263312928,udp,dns,S0,22618,15450,11,13,0.03738912284682639,0.011668731328795513,1
48.41994835303398,udp,ssh,S0,11587,25423,11,5,0.026274242570700174,0.013983543514219807,1
60.883267389893824,tcp,dns,SF,36480,7035,11,21,0.07588956214686364,0.006254786861278291,1
11.974074674672174,tcp,dns,S0,37994,49231,7,3,0.024484506840595235,0.008064631733845511,1
7.330627561413933,udp,http,S0,25527,45745,14,5,0.011433814766775867,0.10614820309602335,1
0.7325738132834391,tcp,http,REJ,28569,22241,7,7,0.01911964059764854,0.04718773718757087,1
21.584363075753462,udp,dns,S0,16151,28154,15,6,0.08147072082122489,0.04252472194125994,1
44.56986878324723,tcp,ftp,REJ,10558,30625,4,6,0.059395920125252084,0.005071169977740599,1
24.899093378057536,tcp,dns,REJ,49739,49950,5,5,0.16479038571923177,0.003824919771999724,1
28.76597814142156,tcp,dns,S0,37954,38066,5,5,0.06467276471893663,0.0021764626412734984,1
117.25307614907207,tcp,smtp,SF,48837,38691,8,7,0.28364931194374093,0.015697146963939236,1
21.405130721255585,tcp,smtp,SF,40303,18331,13,7,0.2174490515062868,0.00043627848856095364,1
36.076251403616055,tcp,smtp,RSTO,39700,25690,9,14,0.17182898286997517,0.01922249266917512,1
76.54358688598508,tcp,ftp,RSTO,32500,24183,8,11,0.10909259949157774,0.0008492766499943825,1
25.254006564958985,udp,ftp,S0,7032,44346,5,7,0.12560753424561588,0.027341190424680032,1
48.65452376765427,udp,dns,SF,6252,9875,14,7,0.013881217367109774,0.028426875250624876,0
99.15703218421534,tcp,smtp,REJ,10509,17254,4,6,0.023675515100845396,0.019858510254536985,1
149.3095207687334,tcp,ftp,RSTO,42842,33621,10,6,0.023436071202033414,0.015630785465734504,1
7.954093965741799,tcp,http,REJ,18900,15905,9,8,0.12524718464931756,0.009313432624972327,1
130.58313815210394,tcp,dns,RSTO,19523,20882,11,6,0.08495074031996146,0.07951082577684897,1
33.87513904977653,tcp,ssh,S0,6881,24041,8,10,0.017281773355601368,0.0780480060176188,1
14.936772717569788,tcp,dns,SF,38037,34098,8,6,0.20785030213287914,0.02873164463374257,1
30.729348368534875,tcp,ssh,RSTO,6630,47431,10,13,0.0271469614902072,0.057142576081242374,1
195.68265487902957,tcp,smtp,SF,25789,38709,16,5,0.23467692934321896,0.034810597151765654,1
33.924564633367986,tcp,ssh,REJ,27523,39675,11,11,0.061233197100859366,0.039818207077180034,1
19.93080160502499,tcp,smtp,S0,22958,9837,13,7,0.035449772013066524,0.056440677812728705,1
50.17431369788298,icmp,http,SF,48852,29489,13,7,0.32366992230071523,0.046100869947733034,1
13.731423385780147,tcp,ssh,S0,6695,22627,9,1,0.09042010029961343,0.05407414467358182,1
3.944765248811752,tcp,dns,SF,19821,10696,8,14,0.033077961759102756,0.0008222062460339457,1
6.898760985620793,tcp,smtp,REJ,8262,18543,8,3,0.0722076916057272,0.01092781899237621,1
6.850921203350356,tcp,dns,REJ,6445,17615,8,7,0.0443824261205314,0.09385950469577058,1
8.237995077833649,udp,ftp,S0,21436,6466,7,7,0.1688333048133167,0.017359131315792684,1
7.473003303375828,tcp,smtp,REJ,14949,35771,8,14,0.03462334543984287,0.003309050832429846,1
51.204202553790324,icmp,ssh,RSTO,28963,23350,7,9,0.14654217198953787,0.04384254964640019,1
10.037317851724081,tcp,smtp,SF,34932,5375,8,6,0.00011468511734368867,0.056363765329685386,1
21.206965789740263,tcp,dns,REJ,11901,38030,11,7,0.08084279109355648,0.0432786372403197,1
113.54870625641789,udp,http,RSTO,38487,25746,13,10,0.14369281373488121,0.012503640712866774,1
32.11905708232968,tcp,smtp,S0,13597,27886,7,8,0.17857871409029907,0.000888030065486063,1
55.06445418261903,tcp,ssh,RSTO,11855,49348,9,9,0.012871902954800727,0.06424319454400167,1
9.456425855660825,tcp,ftp,S0,23678,47904,8,12,0.00732067887541652,0.2642898858320179,1
10.677549049754752,tcp,http,S0,13263,37651,10,9,0.18908186292978105,0.10528768478061949,1
2.086360635878265,udp,ftp,SF,30805,12833,6,6,0.05570964910896587,0.0745559366682144,1
9.252367203279043,tcp,smtp,SF,31143,6893,11,10,0.013541770476559124,0.009658766815841314,1
16.327405931557276,tcp,dns,RSTO,16874,35573,8,11,0.06257197728729558,0.00533886029789613,1
9.740590874155398,tcp,dns,SF,32529,36371,10,4,0.18382954477799218,0.04517763425197391,1
4.644295393018378,tcp,ssh,SF,25866,45874,10,5,0.004879489503467282,0.041777057151853925,1
6.427810674667627,tcp,dns,SF,19079,16826,5,9,0.10438940824476968,0.029716258604599862,1
30.881467168268955,tcp,http,RSTO,12243,39420,11,9,0.003006071818869178,0.11574116453249506,1
11.554610317254829,tcp,dns,REJ,34872,26924,5,8,0.18805620764727252,0.04857759710474038,1
22.649055775545925,udp,ssh,SF,14018,38367,12,11,0.051534409038835535,0.0263415842279073,1
35.00025923571652,tcp,smtp,SF,17100,26199,14,6,0.06699507532398542,0.13829968995327846,1
58.62287170062711,tcp,smtp,RSTO,24800,30868,8,6,0.15429973468689384,0.008940427519780643,1
2.0052865050007713,udp,dns,REJ,31910,13792,11,6,0.19733793541432038,0.09033745301390743,1
80.32471219130598,tcp,ftp,SF,34437,25597,10,5,0.050099315672323466,0.07669406777858197,1
49.429684518364816,tcp,smtp,S0,42588,41405,5,14,0.01911727456837766,0.06924045289008228,1
4.264771518816713,tcp,dns,RSTO,16001,37696,6,10,0.058222581552753165,0.01499340341137253,1
103.40673492440453,tcp,ssh,SF,24942,48123,10,9,0.16366550627132456,0.008425147728074681,1
126.8346773189464,tcp,dns,SF,25862,20989,7,7,0.08486359678213043,0.01007900113562291,1
3.15114137800817,icmp,smtp,S0,16669,33931,15,5,0.17105171088444718,0.07636218126746931,1
16.20884215643254,tcp,ssh,S0,20916,14290,9,7,0.006710441933746321,0.08223826285803434,1
82.04675916133213,tcp,dns,RSTO,15878,43367,11,7,0.025648388983134294,0.09742532984548125,1
68.96786201071542,udp,http,RSTO,7985,19342,8,4,0.05239968137957917,0.007552540336184533,1
10.198981603090024,tcp,ssh,S0,37369,29941,8,6,0.10151427140414329,0.13839408591847704,1
11.744951559076663,tcp,http,RSTO,13112,18945,11,8,0.1687174773485545,0.03292257668362273,1
23.139255501218486,tcp,ftp,S0,46235,15762,12,6,0.030533509912550567,0.03738730489304403,1
33.13312823343072,icmp,ssh,SF,23931,35133,10,6,0.0389395758490417,0.013674012154417941,1
48.1500917029276,tcp,http,S0,32340,45150,9,12,0.014610919824149964,0.014546372819100982,1
23.01562815001756,tcp,smtp,S0,5336,32052,5,8,0.03387429383236864,0.003760083676572534,1
31.04455546104588,tcp,smtp,REJ,47933,46750,5,6,0.02821965876369272,0.030754968752320956,1
68.81144701949212,tcp,ftp,S0,24363,24953,11,8,0.1933334293759953,0.013264284876062021,1
1.8686476160739232,tcp,ssh,S0,8968,45475,15,8,0.0011371850883197916,0.06940373432936194,1
14.546831094119861,tcp,ssh,REJ,38678,22130,8,10,0.04339046155520393,0.08795607453109518,1
62.474593747801286,udp,ssh,RSTO,21279,36086,16,9,0.12969367268951631,0.12357456513979817,1
112.78833771653068,tcp,ftp,REJ,8129,9633,8,9,0.1868070007931911,0.039938507552580556,0
35.838955610420044,tcp,ssh,SF,43215,22304,12,14,0.015906943552789352,0.1541923643464463,1
37.97647511765344,udp,smtp,REJ,43897,47037,16,9,0.2019995735459423,0.012473613182099453,1
5.668066927033169,udp,http,SF,10850,37284,8,12,0.09140926194289174,0.054878998163473365,1
29.657162304177543,tcp,smtp,RSTO,25588,12008,11,8,0.039496155383377356,0.02383958148903733,1
38.0303399527645,tcp,smtp,REJ,45214,32405,13,7,0.38121247785115536,0.08654422335035486,1
13.884640163032666,tcp,http,REJ,16949,41386,9,8,0.03373876086816537,0.0319057376785748,1
15.683730593927192,icmp,smtp,RSTO,13519,30373,9,8,0.014471508783675332,0.06564435293858825,1
23.6832492401236,udp,ftp,SF,31375,25827,4,12,0.18363648440098074,0.043473198228286804,1
1.0137680375157256,tcp,http,REJ,38082,38040,10,8,0.14573730984309138,0.023237507831853854,1
19.436238062806787,udp,smtp,SF,16737,18007,6,7,0.0037392725936236906,0.01236059913268365,1
11.877846781181493,tcp,dns,REJ,6134,23157,9,9,0.10796959414153606,0.1043157776673481,1
19.837461511599134,tcp,smtp,S0,15938,37157,12,6,0.01886754720629491,0.004899003589483685,1
6.378155164239063,tcp,ftp,REJ,29486,40315,7,7,0.009589043780523429,0.13912724464200432,1
110.60399499715123,udp,ssh,RSTO,31096,40932,10,6,0.22672980797349315,0.06740765050163834,1
45.019940693977986,tcp,smtp,RSTO,46115,26164,6,10,0.06852329162427466,0.01275412493230211,1
56.83164789465158,udp,ssh,SF,10592,19414,10,6,0.03166624011960401,0.04349573888765299,1
77.83545161888956,udp,dns,REJ,23108,19327,8,10,0.10185085215153974,0.031375787948440564,1
34.50182109244426,udp,smtp,SF,22270,5946,5,8,0.06438374295087314,0.06135048906930817,1
4.546604725872792,tcp,http,SF,32649,19693,14,9,0.04024459711176206,0.28205075249480543,1
38.51291816474113,tcp,ssh,S0,15997,32241,10,11,0.006757428054654299,0.00978953076457771,1
44.19615289356868,tcp,dns,S0,38489,35254,10,7,0.1190284738388999,0.07056188399830476,1
68.41083244042046,tcp,http,RSTO,14104,20540,16,10,0.07252385809150418,0.014749806660746679,1
28.251732469149104,tcp,http,SF,5870,11719,12,7,0.14246094681083682,0.022867549830715195,1
6.824233336465611,udp,http,RSTO,33684,46203,13,7,0.12344222639689868,0.06448919991485316,1
16.688109013085196,tcp,http,REJ,44519,30081,11,8,0.029511060679179413,0.062241032985810324,1
22.555741273731172,tcp,smtp,SF,39524,16350,10,9,0.02087236397387357,0.022365197903070153,1
51.91123058109308,tcp,smtp,SF,35957,41358,10,9,0.034424473461842506,0.01839804931142563,1
42.28908606007098,tcp,smtp,REJ,38885,37021,9,8,0.05574524349196067,0.011358179946971402,1
22.010337982590308,tcp,dns,REJ,49369,47832,6,9,0.08380551115264974,0.03688091498513569,1
215.3097886084906,tcp,dns,RSTO,40596,33369,10,5,0.47455217590849774,0.017899216766721744,1
46.541650423360466,udp,dns,RSTO,34866,36728,8,9,0.11720945277997905,0.07638479253899275,1
13.539726437839997,tcp,ftp,REJ,35676,22576,18,8,0.034708009943633836,0.0038857104980210932,1
5.367150231244342,icmp,dns,RSTO,18878,34001,8,11,0.021710632042753805,0.009776808695452246,1
8.294414629491294,udp,smtp,REJ,44760,22848,12,7,0.023733033216815535,0.00937723989433013,1
14.115342469757048,tcp,smtp,SF,32559,5390,6,10,0.25843750114645236,0.0815538595411398,1
8.758243747714701,udp,ftp,SF,11771,26999,10,11,0.02280117902752961,0.044752089903928496,1
10.32458727272902,tcp,ftp,S0,21526,16569,9,8,0.21335127934339043,0.029499555399367227,1
16.780292410772326,udp,dns,SF,34896,18029,10,8,0.003783598546503982,0.07254690558112094,1
9.52012168314435,tcp,ssh,REJ,36923,27490,8,8,0.019731219863149938,0.03030614102439169,1
113.53757246779577,udp,ftp,RSTO,41203,40328,7,8,0.10946435749698595,0.09280031948848431,1
4.181785629600008,udp,http,S0,44390,10867,8,7,0.03271315409041979,0.11792901675104309,1
37.170617505635136,udp,smtp,RSTO,17852,20284,12,4,0.023929466950576586,0.07297003901210061,1
26.415277824465118,udp,http,REJ,48391,38979,9,8,0.04314796187280069,0.11871222021260594,1
201.93210830079602,tcp,smtp,SF,6848,14121,9,6,0.10677402757243692,0.004262607289741707,1
5.941367284870245,tcp,smtp,S0,36027,6539,12,7,0.13301569485879564,0.05189132277127996,1
25.36289968712152,tcp,ftp,REJ,40464,30488,9,8,0.05737785064580587,0.005628712949790879,1
174.45298320633574,tcp,ftp,S0,39485,22027,9,6,0.1172647188557369,0.03924331596692914,1
100.31220309840774,tcp,http,S0,24456,13693,6,12,0.005674951701929916,0.030014485165948502,1
84.93315170180897,tcp,smtp,SF,14259,13921,12,8,0.11238975312872763,0.07140467927684332,1
14.913754176675232,icmp,http,REJ,40554,15310,12,11,0.09333844359934276,0.013035650803256442,1
9.369976639324378,tcp,ssh,RSTO,18409,35908,14,7,0.026260463484716355,0.0483101812058125,1
55.22797993408918,udp,http,S0,8791,9386,12,5,0.008079943098850661,0.008851007195604022,0
132.51925474799776,tcp,dns,S0,30864,37263,13,9,0.10871076773053753,0.008125460380539132,1
40.682521095237114,udp,http,RSTO,41639,33412,15,8,0.14934990711750912,0.05644776177911357,1
42.386378072929325,udp,dns,REJ,39574,22303,7,12,0.13199344316751901,0.08010354481361517,1
16.423751540532542,tcp,dns,S0,22888,17242,15,7,0.16602561867602053,0.12388306780713033,1
73.37368792060443,tcp,dns,S0,24692,13947,11,8,0.059723737158247754,0.06439011223434485,1
10.353899107303542,udp,ssh,S0,28501,10930,13,6,0.08761331405337389,0.05641311979967682,1
19.554390655961633,tcp,http,REJ,18304,43170,10,11,0.08941480138734847,0.2659042332827813,1
27.707227503491527,tcp,http,REJ,32527,5507,15,15,0.013613244063121801,0.10936071948342206,1
35.42424813223492,tcp,ssh,RSTO,23074,6436,7,14,0.1710239658381587,0.06369628987538432,1
13.88062917848029,tcp,smtp,REJ,20549,32151,12,8,0.11201369959720917,0.06240652759410411,1
6.099163607206772,tcp,ftp,REJ,34963,16618,12,9,0.05384577869547982,0.005110448034666448,1
47.159982871467825,tcp,http,SF,30920,13750,17,8,0.055884964413451386,0.04216859702359503,1
17.02816842182709,tcp,ftp,RSTO,35826,21122,5,7,0.0032413620513505855,0.02718086742744375,1
43.522653414622184,tcp,ssh,S0,41071,12354,12,3,0.1514283924622362,0.031856501854751966,1
8.38323763853399,icmp,smtp,REJ,21061,49062,8,6,0.10706398083618261,0.07881572650252154,1
32.80606890142638,tcp,smtp,S0,33810,35979,9,6,0.031340702001504975,0.2642523914169098,1
38.02736240645389,icmp,smtp,S0,27800,25900,12,10,0.2325367810397179,0.012037211287319226,1
2.6607325728560665,tcp,ssh,SF,48423,18840,6,6,0.04735303946514576,0.025710339679000955,1
20.51918006902116,tcp,dns,REJ,46692,42167,9,8,0.2395986224260471,0.05504106407726748,1
7.21746634159658,tcp,dns,RSTO,14940,10037,9,9,0.11254609166494671,0.10623365868031069,1
3.2736129386262443,tcp,ftp,REJ,8924,33633,13,8,0.03910395781981014,0.025591510283832327,1
230.0600655697662,tcp,dns,S0,33054,29495,10,11,0.067138562701541,0.023100935200964356,1
19.456501125971013,tcp,dns,RSTO,14783,20848,9,8,0.17211115840656585,0.010147138054481203,1
83.00353068849493,tcp,smtp,REJ,42253,41483,12,6,0.1179411127399128,0.08528014181943952,1
14.69444171467007,tcp,smtp,S0,18233,12837,7,12,0.130012233288903,0.19023760192637504,1
57.20706755101757,tcp,ftp,S0,29484,39069,6,6,0.008579831515229423,0.07858873478730838,1
71.40331114141043,tcp,http,SF,30068,12370,14,10,0.10412864940815522,0.09591638893522493,1
45.27232970845699,tcp,ftp,SF,5191,11411,12,12,0.13210025664316982,0.041772065536248904,1
31.892832202263588,udp,ftp,SF,30074,44133,8,6,0.190782809196746,0.04009941397405691,1
26.537890675268887,tcp,ssh,S0,9917,35499,6,5,0.02768635057820667,0.0011059939278071137,1
21.45216508519874,tcp,ssh,REJ,43599,35225,11,9,0.01794425257030859,0.026816166295823448,1
132.62780241103906,icmp,ftp,SF,30832,5692,12,11,0.1448075122727088,0.05934680003495266,1
88.7803535570899,tcp,ftp,REJ,47928,33926,13,10,0.5294147927996816,0.16366682029459567,1
167.65881947078458,tcp,ftp,SF,25706,39246,7,10,0.13065320439046788,0.027924997012770125,1
6.6364270918052775,icmp,dns,RSTO,18682,44164,7,9,0.04344472438213278,0.10642745703398657,1
65.62756817302538,tcp,ssh,RSTO,31762,13448,12,9,0.09146756176333402,0.015223998197606458,1
139.30636326306202,tcp,ftp,SF,28383,48390,12,11,0.06718585098854983,0.0022201725535617492,1
9.997790485039884,tcp,smtp,S0,32796,15073,7,6,0.16770128066866835,0.023177506361407658,1
3.4405158736248436,tcp,smtp,SF,28666,40414,7,4,0.3813126704214922,0.17666885184777656,1
67.5696576594311,tcp,dns,SF,30662,10209,9,13,0.03921112820836335,0.030876937045804152,1
42.72135720993349,tcp,dns,S0,39642,11533,11,9,0.10681988772083882,0.0013082463176056834,1
92.2038570660739,tcp,http,RSTO,46830,26061,5,8,0.005132246959630962,0.07453165423157251,1
7.52791232070963,tcp,http,REJ,42531,12211,10,7,0.01671904999606698,0.03135799828531429,1
79.3025055515934,icmp,http,SF,15234,14927,7,6,0.05723522211276366,0.01652117631507813,1
11.258988653351148,udp,dns,S0,14221,16927,10,10,0.07006574889572251,0.030792035670410178,1
8.9357599482759,tcp,dns,SF,16410,29594,14,8,0.13040789930829477,0.017867162209307206,1
8.972232827997535,tcp,dns,S0,19519,14316,8,7,0.06018608728091719,0.023531503378055138,1
84.25516412820043,tcp,smtp,REJ,6051,17177,12,6,0.04466289149036813,0.006325221947043704,1
54.710681950798445,tcp,dns,REJ,49993,15846,9,6,0.0648632035284074,0.010454850282924368,1
37.018797817302215,tcp,smtp,RSTO,14765,12933,10,11,0.0024271578844801763,0.05332268262818469,1
22.22307008390341,tcp,http,S0,16382,43244,13,7,0.04086963584783092,0.13516156093902676,1
104.86013336471662,udp,http,S0,17580,45696,10,5,0.07139396683762493,0.06044991922070162,1
24.915637484872246,tcp,http,RSTO,37323,7080,12,11,0.04058147349826343,0.05526173374578888,1
84.80413314240349,tcp,ftp,RSTO,49757,11089,9,9,0.029869279624447766,0.017804410728738906,1
28.913744055694018,tcp,ftp,S0,16939,31123,19,4,0.04406862177043143,0.0006994428351946848,1
23.655978290886857,tcp,ssh,RSTO,34964,12797,8,8,0.044482744857513225,0.047807570114861114,1
31.05805299498013,udp,ssh,REJ,5307,13346,14,4,0.0917115567028339,0.028150867135562883,1
17.932263771532103,udp,ssh,SF,8359,24878,8,9,0.14655493599086175,0.20678025982285775,1
68.83886564684697,udp,ftp,REJ,34648,38672,12,9,0.012148232475841134,0.13353991147570266,1
34.9301407847798,tcp,ftp,RSTO,40944,22653,9,4,0.08694802382587861,0.011899716873547208,1
13.212126549853261,tcp,ssh,S0,39019,47742,15,9,0.038277402290705864,0.04149069150230834,1
114.91699247752918,tcp,ssh,S0,43134,31140,6,8,0.06160819160310427,0.09407902257402198,1
24.216587117935564,tcp,dns,REJ,32323,6184,18,7,0.018078322237999416,0.06621405199215763,1
39.21411910888818,tcp,ssh,S0,11226,39493,8,5,0.2504035018531505,0.07664265002567709,1
118.47478043548132,udp,dns,RSTO,26689,49148,8,9,0.03871340866809708,0.13582369762487864,1
48.93996519286654,tcp,smtp,REJ,35971,29846,16,5,0.06285999871929854,0.005117110479911716,1
6.215730792888988,tcp,ftp,S0,30954,27195,14,9,0.17928914393191497,0.11364172820287473,1
140.53083419661044,tcp,ssh,SF,29423,10606,11,7,0.00958841562329879,0.05941183957084521,1
49.40384644674131,tcp,ftp,SF,35391,8956,7,9,0.07350584917466038,0.01446101005860031,1
20.39131577756547,tcp,ftp,RSTO,19330,21555,12,7,0.15007242271971527,0.12790397651653213,1
7.498841030821291,icmp,ftp,S0,9891,29849,12,10,0.0669338416329072,0.04039775605972373,1
79.00006978401335,udp,smtp,RSTO,9992,23690,4,8,0.0037864731277868725,0.0498867150689753,1
48.38877537814262,icmp,http,REJ,6961,31347,14,6,0.1815458240779595,0.061231616989305244,1
38.12069290245141,tcp,ssh,SF,17497,38189,5,9,0.19129575364417906,0.13543527222053797,1
112.16516652682228,tcp,http,REJ,37551,43308,14,4,0.14287742106719892,0.0710324332839585,1
77.6995006848036,tcp,http,S0,15848,30785,4,8,0.07761601017149022,0.03839936422242556,1
8.224566006317044,tcp,http,RSTO,18255,37698,11,9,0.04871255582076944,0.1358130207075747,1
18.678127569790025,udp,ftp,RSTO,9567,20966,12,11,0.10410934049051701,0.011723758912896185,1
14.283480927441897,tcp,dns,RSTO,44281,36097,7,6,0.005498116332151765,0.04371376366114283,1
68.11840309342058,tcp,ftp,REJ,25389,20882,12,5,0.013451099676787249,0.06782012009338836,1
1.7053769928918965,tcp,ftp,SF,49523,9675,10,10,0.18530894790802402,0.0105261680108981,1
42.18567781930715,tcp,http,REJ,48919,46850,7,5,0.02681021236590623,0.14829878086495157,1
71.87068579298894,udp,ftp,REJ,21567,18009,8,9,0.01468927660053596,0.04389085926438302,1
104.6833672192969,tcp,http,S0,8358,32843,14,6,0.08090943842591591,0.044998405270785094,1
20.933729677254636,tcp,dns,S0,27999,34793,11,10,0.18082772201438743,0.0035127804008519463,1
86.09039817705015,tcp,ssh,S0,47358,44516,12,4,9.122932918356654e-07,0.006546157918302387,1
5.862194254938867,tcp,http,SF,15988,43871,13,10,0.20065382895426273,0.10917106703785642,1
93.68719786058438,udp,dns,SF,45446,22857,11,5,0.05527856211891782,0.005555740799011595,1
6.818981526403542,udp,ssh,S0,36521,24627,12,7,0.07505662650518168,0.15486869191971023,1
25.315731560493216,icmp,smtp,S0,10698,23565,9,5,0.08755702699943231,0.008001993591209847,1
79.8002681663245,udp,http,SF,6273,31025,13,8,0.11436548518390813,0.11960760165941856,1
8.121089496020808,tcp,http,RSTO,32543,32832,9,6,0.17124319171910432,0.00785139321190704,1
13.019651122237546,tcp,smtp,SF,36349,49116,10,9,0.005210297645047629,0.021613837116437756,1
64.05215488224528,tcp,smtp,SF,16241,14782,10,5,0.023744251705976358,0.02074090327741054,1
63.65480859958473,tcp,http,SF,14497,43650,8,13,0.030496682225843105,0.005498638487742328,1
51.24221043686954,udp,smtp,S0,46875,27366,8,8,0.1672991187907935,0.1307569100219724,1
59.20008545438085,tcp,ftp,RSTO,37703,33557,9,10,0.09332722366370165,0.05507979670529642,1
39.12345505978191,udp,ssh,SF,49041,10798,12,6,0.11024702561902515,0.013172972750797696,1
14.504184962970495,tcp,ssh,S0,36954,14627,10,6,0.0002696608037723201,0.006550018874114555,1
21.20915968966317,tcp,ssh,REJ,13002,46183,15,8,0.09607054459167973,0.05288244838307751,1
10.020063725826592,tcp,ftp,REJ,9247,17466,9,10,0.23006409379779283,0.005603646468159919,1
119.54380696618259,udp,smtp,SF,46988,47614,17,15,0.07385293346749404,0.06034153643895993,1
43.780452731829925,tcp,dns,REJ,26698,17720,10,10,0.26512404688647223,0.05373899382742457,1
25.612282973951118,tcp,smtp,RSTO,24738,46913,7,11,0.15260394405402877,0.009010708434132805,1
30.995375316058166,tcp,http,REJ,15703,42292,11,8,0.14455051428637597,0.019506623587651817,1
147.14118684986056,tcp,ssh,REJ,22570,11559,12,9,0.2450129883790343,0.07010021526917515,1
8.323477506425034,tcp,smtp,RSTO,17392,45388,12,6,0.010954653805198349,0.039674596309866896,1
44.122230455427704,udp,dns,SF,49724,24158,9,7,0.009787710444978717,0.028662136420567984,1
35.24972203965886,tcp,http,SF,37299,35916,8,5,0.11979344640265102,0.14367787104058333,1
47.26721590015364,tcp,ftp,RSTO,20641,27057,11,12,0.0279252992095607,0.01408480804402952,1
0.9138090203248618,tcp,ftp,RSTO,18998,40892,8,5,0.005448295977985006,0.05023985732498821,1
102.83467612703483,tcp,dns,RSTO,11305,46439,8,13,0.18955644602172086,0.02555663249959564,1
134.4994268345626,udp,http,REJ,37726,16706,9,11,0.15576008108137235,0.0736761331116473,1
41.63577319716988,tcp,ssh,RSTO,23782,17070,17,8,0.15800531087209255,0.12695395073635923,1
59.64353702629791,tcp,smtp,S0,17721,45902,10,5,0.02759954114193134,0.06411592110965067,1
127.87346789228131,tcp,http,REJ,44763,5924,7,11,0.02896984441844956,0.02042002783637535,1
61.41987266962591,icmp,ftp,SF,17427,31478,12,7,0.06398771646881572,0.062137225670603806,1
8.275525456206086,udp,dns,SF,25566,10506,11,12,0.013441909628253361,0.09859117053527566,1
42.93510749262801,tcp,dns,SF,7230,40163,5,7,0.028497072017866536,0.04814250083821336,1
46.66104285170075,tcp,smtp,REJ,11511,29604,8,6,0.007998489790089875,0.014245383103495837,1
27.593725196141055,tcp,dns,S0,47229,20310,7,7,0.019179510741959713,0.020661791821032345,1
66.6745151941696,udp,dns,RSTO,31177,13226,9,7,0.034789742210230096,0.09601100655839664,1
136.18384428812374,tcp,http,RSTO,9765,16781,9,3,0.0018541034477829123,0.03467757363461105,1
129.89381065270587,tcp,ssh,SF,25354,10515,9,6,0.20251085656536408,0.00409944215091024,1
29.968214815180882,tcp,smtp,SF,28929,41133,10,9,0.06293484035417225,0.14188746982991363,1
6.008935227589209,tcp,http,REJ,33820,21972,11,10,0.019447889841742165,0.0456191476309645,1
209.45869945603533,tcp,ssh,S0,34523,37092,13,6,0.1018842082511259,0.01556932583510679,1
91.28590554092214,udp,http,RSTO,10552,16410,13,9,0.06311082122897364,0.008776141382931882,1
6.65729798585317,tcp,http,REJ,5627,24522,9,8,0.030483311614943484,0.019682666229996103,1
126.8153970481638,tcp,dns,RSTO,16989,14095,8,7,0.14075654287069916,0.1319559925728712,1
101.97119656134316,tcp,ssh,SF,18780,28047,14,10,0.05918075933225719,0.02287276763608258,1
36.57756929843246,icmp,smtp,RSTO,11589,25470,14,2,0.0012948800944715037,0.030355817163485857,1
44.73568934145374,tcp,smtp,S0,39812,48129,11,8,0.03324775054205641,0.0036897445569778068,1
25.458242170450678,udp,ssh,S0,33128,13531,14,6,0.17903987958503656,0.04021391081067741,1
2.8159074621646893,tcp,dns,SF,43652,42038,13,11,0.15376316862669148,0.06286117657970317,1
20.41324431503706,tcp,ftp,S0,32790,27403,10,12,0.061560094792891415,0.10338374048088118,1
81.19039555330893,tcp,http,S0,45953,47674,9,12,0.004857497797551923,0.13880136948586916,1
0.23213920331714424,tcp,dns,REJ,5249,34122,12,9,0.05794877805558225,0.02310442705752815,1
20.285694829508436,tcp,ssh,RSTO,24309,21940,9,8,0.0418126569202371,0.021669934767624695,1
25.38890474273391,udp,http,SF,30901,34831,8,4,0.004497635003829754,0.1066372781568307,1
38.54415120619409,tcp,smtp,SF,28576,16279,12,12,0.1134540651661535,0.014715615527874423,1
126.19627380765208,tcp,ftp,SF,36508,43220,11,4,0.07324244795625327,0.09382555823173452,1
21.258855544539504,tcp,smtp,SF,14175,11477,8,5,0.01124443795066086,0.10266642438138536,1
21.305324297924763,icmp,ssh,SF,30464,22400,9,5,0.01827526923443127,0.020742177111901797,1
66.87544758327829,udp,http,S0,21260,11470,13,5,0.2674633828056584,0.007041137970063258,1
30.09388867461697,tcp,ssh,REJ,40440,7062,7,7,0.023956239363199284,0.050172960863720875,1
12.71912368513627,icmp,http,SF,34546,46798,8,7,0.013227738871468272,0.05743873391828993,1
30.114117528807753,tcp,dns,REJ,45047,24880,9,6,0.2688047951327908,0.02915955346561422,1
7.590996096569352,tcp,ftp,REJ,46430,39581,6,10,0.055818144323394187,0.14016453030381731,1
9.702725160404837,udp,dns,S0,6987,49439,6,4,0.17842813479182176,0.04295576692695827,1
34.494402140140885,udp,dns,SF,30105,19308,7,8,0.06844172475855963,0.040277267035380156,1
27.14381081280035,tcp,ssh,S0,17948,31027,13,7,0.012262906245462201,0.027056765902827146,1
123.16463676264064,tcp,ftp,SF,18026,35720,10,6,0.2033985588542464,0.017398775282313286,1
22.501729151986414,tcp,http,S0,7773,40081,10,9,0.06508354378525898,0.11181777636179016,1
43.4451191892636,udp,http,REJ,14878,14706,6,8,0.013464327576388546,0.007731245986738421,1
50.0195386258924,tcp,smtp,SF,47946,14837,12,12,0.05816174353192705,0.01637375572962346,1
0.6590472412829613,tcp,http,RSTO,15377,43599,15,11,0.060500539185057614,0.05698759484998417,1
54.46340985179945,tcp,ssh,REJ,12347,41824,6,7,0.09594484910391293,0.05550581913336514,1
9.80293200996241,tcp,dns,RSTO,38776,38073,13,6,0.07227788177537516,0.09007693671990642,1
162.29991361362133,tcp,dns,REJ,8783,37088,14,14,0.02339609689935089,0.029923636149304093,1
8.047345215509004,udp,dns,S0,9298,33112,12,6,0.07720285537378548,0.02180906747434835,1
26.775055726830345,tcp,ftp,SF,9668,31299,10,15,0.03708931168306399,0.020939474506461227,1
4.460671882525157,tcp,http,REJ,25671,39457,6,13,0.16488768672772916,0.013594196437727848,1
288.40408075753794,tcp,ssh,S0,39820,35063,15,8,0.1795791162602682,0.03662742316800203,1
34.877343282911305,udp,ftp,SF,39484,8917,4,6,0.05930309698765578,0.0002058398285536271,1
45.24096620444729,tcp,smtp,SF,38078,7936,11,4,0.02276734469751849,0.045171079380833846,1
3.4716025414127083,tcp,ssh,REJ,25922,41630,11,13,0.11132568861373386,0.0965178480651468,1
69.30681276079996,udp,ssh,SF,39028,19506,11,15,0.025845677272291374,0.024495379244253688,1
11.78014191251316,udp,ssh,REJ,25316,33805,8,8,0.09128498275039999,0.06244548741663776,1
114.16574284058152,udp,dns,SF,16460,19318,13,9,0.0051253153117199165,0.0031400164797388695,1
11.479441408041668,udp,ssh,RSTO,21968,31026,11,7,0.03649192032809653,0.04024127403239148,1
10.578521490440792,tcp,http,S0,35266,32672,6,7,0.029806348699552346,0.017464646335071426,1
1.8617170928836084,udp,ssh,RSTO,35209,43417,8,7,0.05419464377795093,0.020843117740951222,1
31.939289664773195,tcp,dns,REJ,29000,32281,6,6,0.030549558463059606,0.0010890930645610416,1
41.602205183809026,udp,ssh,RSTO,19011,33091,10,7,0.02975715098156031,0.06972561056131311,1
3.3983470089578236,udp,smtp,REJ,7866,43328,8,5,0.02553894032486959,0.1535783696386413,1
74.70012967991862,udp,smtp,SF,10898,23610,14,8,0.06161990609916833,0.05357527525091069,1
30.191732514681085,tcp,dns,SF,23395,6079,9,8,0.1273898280161388,0.03260603612972212,1
37.15788272962984,tcp,http,REJ,44019,34850,6,3,0.26171779129381895,0.1033108393191872,1
29.059073589379015,tcp,http,RSTO,42707,25590,12,17,0.003402570346287226,0.011965203283818643,1
25.60491006374607,icmp,ftp,SF,9006,35951,7,8,0.1194204246889163,0.030816006196521712,1
41.00817285689374,udp,dns,S0,39393,20327,5,9,0.08656574705481289,0.028908411739296466,1
8.435150338047775,tcp,ssh,SF,15956,17755,11,13,0.03182304444235019,0.001884356188831262,1
10.040254310431274,tcp,dns,S0,35663,12235,10,11,0.15608455088582357,0.007787886721186098,1
98.94746641480701,tcp,ftp,RSTO,11078,22197,13,7,0.2319664600423299,0.06294897796104353,1
146.04558546323426,udp,dns,S0,34631,26473,6,13,0.25375830375730674,0.07945104285893444,1
23.36510937375693,udp,dns,S0,35140,7031,13,9,0.14090882899008952,0.019273151798189773,1
15.7865682846333,tcp,ftp,S0,46691,46282,16,11,0.005201689222536059,0.044270116712737693,1
51.641163254722855,tcp,http,S0,8961,46863,12,6,0.07759369274727407,0.026106656453394862,1
26.274478380362314,udp,ssh,SF,34277,19287,4,8,0.23223124505000456,0.005668350331889494,1
1.2857074366323515,udp,ftp,S0,46574,43679,8,3,0.009031866332502924,0.028976927040392373,1
8.489180164975531,tcp,smtp,SF,36417,49463,9,4,0.06439515275887848,0.1249597898500211,1
62.934162992652276,tcp,http,S0,27484,37230,16,10,0.046799292761761174,0.06377483876554692,1
53.782489115876785,tcp,smtp,REJ,23103,24037,9,8,0.0035834172408842763,0.046566502994633385,1
1.3734928942220048,tcp,http,RSTO,34345,32052,12,9,0.0362332201967933,0.0631065648068362,1
12.54964869333525,tcp,ssh,S0,44454,8340,11,8,0.32804026074636616,0.09406421361020008,1
13.13807894754655,tcp,ssh,REJ,6587,45644,12,8,0.334588849228004,0.265414124565635,1
55.72073614139259,udp,dns,S0,47571,6141,10,8,0.23470983946993415,0.09521273189561637,1
0.9953690646069703,tcp,smtp,S0,26031,30425,14,6,0.10496353547687805,0.04546311423309696,1
5.4968029300686405,udp,http,S0,31212,24281,10,15,0.004925522626064873,0.02923275721941541,1
80.45092136481207,tcp,ssh,REJ,15350,47049,14,5,0.11535920300872153,0.0006379043706675348,1
9.833885472589268,tcp,ftp,RSTO,23816,25425,9,5,0.09926875625780206,0.08964045557156673,1
52.88495444602884,tcp,ssh,REJ,25288,39806,11,10,0.047754448021044574,0.048253469536789065,1
13.60243111044976,tcp,ftp,RSTO,34432,37113,10,12,0.07202844455366952,0.010071339941666965,1
5.237001674243566,udp,http,S0,49222,9270,9,8,0.3833669469551578,0.02163166603308098,1
13.930975820572364,icmp,ssh,SF,11837,47814,7,6,0.061719959784647976,0.04088550787950447,1
64.0547406548516,tcp,ssh,S0,39217,9683,12,7,0.2059352578089066,0.03471025631393752,1
96.79181687269647,tcp,http,RSTO,25884,44884,8,3,0.09259409355568984,0.09448881931630707,1
88.66254999877822,udp,ssh,REJ,10454,34809,8,10,0.1932189814348607,0.029273553673318457,1
25.30712447375442,tcp,ftp,S0,14424,39552,12,9,0.21782585442418645,0.002987669677448903,1
55.14383892022975,tcp,ssh,REJ,41885,8786,8,6,0.05066985375669027,0.005412216488391174,1
11.469670516449039,udp,smtp,REJ,46637,26650,10,16,0.3164420607650815,0.020177944991103397,1
17.34667943062584,tcp,dns,REJ,48618,33706,10,10,0.05762731932997891,0.017770797367995667,1
113.32993143154522,tcp,ftp,S0,23412,14190,1,9,0.044456678022086214,0.1585599643156668,1
0.6543594198142502,tcp,smtp,REJ,44613,43196,4,8,0.38151024114854365,0.0282667225414152,1
4.4693569815224565,udp,http,REJ,25142,44449,14,9,0.386842152984275,0.001515626236971568,1
11.65251401199076,tcp,ftp,S0,42392,44661,16,10,0.04876693911746582,0.057113603059706974,1
1.3445267612158442,tcp,dns,REJ,13848,34709,14,10,0.08737180952501417,0.07239073949007463,1
10.010150164513638,udp,dns,S0,18136,19892,12,6,0.05675470516831625,0.10019494610933673,1
43.73843643721833,tcp,http,RSTO,5589,14643,10,7,0.13900067867317184,0.09342835101517971,1
27.35931591839002,udp,http,RSTO,25908,14943,13,9,0.20808072888822227,0.03329612150254609,1
111.59315104109137,tcp,ftp,RSTO,11509,48240,5,5,0.04984142234202226,0.08169714432213866,1
85.03479515097392,icmp,ssh,REJ,45461,26042,13,5,0.17130233663941577,0.007208072851946705,1
20.9136402584516,tcp,http,SF,47222,48894,10,7,0.07378016124392059,0.06015885818533748,1
15.016312607363927,tcp,ssh,SF,49476,11869,14,12,0.023464630514560072,0.022228020354000486,1
23.876990405426888,tcp,smtp,REJ,14968,45437,9,14,0.18765081662150235,0.020763534229217725,1
44.61588750716526,tcp,dns,SF,7462,49306,13,7,0.0010894468645646848,0.026811685344869742,1
15.603085490763643,udp,ssh,S0,14460,47833,15,7,0.06804221970223569,0.07201345813277499,1
48.92811227735438,icmp,dns,SF,38783,25918,11,9,0.08271706189147816,0.14243884869836138,1
26.331801963990557,tcp,ssh,REJ,14275,33379,10,3,0.14212213874066132,0.18071633541262677,1
40.15336832574222,tcp,smtp,REJ,33677,47939,14,4,0.024609939709683712,0.07099284016740436,1
28.646269754555604,udp,http,S0,18269,30274,11,6,0.10001606461240417,0.07579222461171277,1
17.439998763116655,udp,smtp,RSTO,5406,22696,8,7,0.10600937309235946,0.015286402168676081,1
148.26336105761018,tcp,http,REJ,12384,7962,14,10,0.04005547204534147,0.0033050861449988363,1
72.1127251866318,tcp,http,S0,27553,18851,10,7,0.07899768456705233,0.01695351471785613,1
7.547724906151043,tcp,dns,SF,29366,10296,9,12,0.09120121916582957,0.13719254264352196,1
101.42524638596619,tcp,smtp,SF,49036,19745,8,10,0.07080680364081965,0.0669532142043688,1
33.416016483095824,tcp,ssh,S0,22369,10730,10,5,0.036357861265898586,0.1242556592359459,1
112.47697451448717,tcp,smtp,S0,16795,18921,4,3,0.02978042609529661,0.029126904519803397,1
80.43572269649502,tcp,dns,REJ,9485,37894,14,12,0.1871640990245482,0.0942827499915669,1
27.687830962930366,udp,http,SF,46669,10602,13,9,0.07518663863389248,0.013032596911600424,1
1.136279473877006,tcp,dns,S0,7618,22575,15,7,0.2724806690790718,0.14194496599959058,1
15.645027388824333,tcp,ftp,SF,35143,24023,10,13,0.18179343982479962,0.07011209395150551,1
39.00438778398981,tcp,ftp,S0,34425,20997,11,9,0.19459061040428535,0.08152687743708519,1
50.18486659672682,tcp,ssh,SF,27673,22750,8,12,0.0810634663329814,0.02149694881429411,1
14.912733996446944,tcp,dns,RSTO,14603,46979,10,9,0.14015088815698115,0.0762961766031598,1
7.503720941535777,tcp,ssh,REJ,44696,27837,14,9,0.0028689209792264305,0.0253657368315486,1
90.06935435811958,tcp,ssh,SF,10368,19997,14,9,0.11460859884570394,0.08208670320261309,1
208.03120815936168,tcp,ftp,RSTO,9621,44439,5,3,0.07588124723921574,0.0048191194624344685,1
37.29472734860435,tcp,ssh,SF,19719,28067,11,2,0.04349969769468821,0.021629750696952367,1
9.417743183003696,tcp,ftp,SF,34227,25923,14,8,0.3486689751916432,0.011530353616426237,1
15.893823586446644,udp,http,RSTO,48894,13876,6,4,0.06428260545082908,0.1202603917365257,1
0.9280943705383004,tcp,dns,SF,12566,7887,8,15,0.1459673360822255,0.006954530771620685,1
122.84442638467785,udp,ssh,SF,17306,47422,12,10,0.34186393572535295,0.009667805464495886,1
6.26405219231015,tcp,ftp,REJ,29042,41854,12,8,0.10545983825620521,0.04813917474240197,1
42.96203344340779,tcp,smtp,RSTO,20086,41948,8,7,0.003013944423695659,0.009559237118129924,1
16.014066430139646,tcp,ssh,RSTO,22387,7841,14,7,0.1315551437197011,0.0020878715546839804,1
40.39177577034926,tcp,http,S0,32042,33756,13,11,0.15591969468167297,0.01248756156692054,1
52.69443169930135,udp,http,SF,28888,11040,8,8,0.09377513493121971,0.08500299167274408,1
88.521959621118,udp,smtp,REJ,31514,15304,9,7,0.10591206345763317,0.0497907533662302,1
11.560126375226792,udp,ftp,SF,23323,35341,7,9,0.11461154497421105,0.02391211202038206,1
0.5528364815848598,tcp,ssh,SF,23019,9758,9,3,0.10191198735227959,0.046933809165135267,1
7.360403534369526,tcp,ftp,S0,14890,22010,12,9,0.19494374056834743,0.01850656648200585,1
115.13857644265909,tcp,http,SF,45863,36658,8,9,0.10898160863480162,0.08765817523453147,1
103.53006760265613,tcp,ftp,REJ,15283,42782,5,8,0.06336054154569552,0.08529107696425184,1
45.492215509824625,tcp,http,REJ,23279,6375,7,8,0.04221152716853095,0.07185313452888811,1
45.87918592526734,tcp,ftp,S0,27908,38949,6,8,0.013425015485329095,0.00976950801514627,1
54.68671147037563,tcp,smtp,SF,42952,27092,12,11,0.0407687693924023,0.08683753072023492,1
9.641101431927607,tcp,dns,REJ,40170,5490,7,10,0.25416244837670204,0.010123112182950027,1
122.91047803856507,udp,smtp,SF,42663,8729,8,8,0.09420869505585368,0.07893177423873403,1
27.130481717315902,icmp,smtp,SF,49172,10974,12,12,0.03089018203281231,0.011551324612780632,1
24.155539966393423,udp,dns,SF,14343,24680,11,10,0.08080366431543548,0.01769249364637492,1
36.58584663113405,tcp,dns,S0,15637,23324,7,13,0.2317575630050796,0.051444186512711765,1
2.405233214598861,tcp,ssh,SF,39724,36334,9,9,0.03596354680831014,0.04675947293900793,1
9.093085252463617,tcp,ssh,REJ,44791,26398,8,10,0.07570328586651394,0.010597103759654116,1
66.97695452119817,udp,smtp,SF,34134,39650,10,5,0.15844698453484068,0.010299914528587478,1
4.321413783592179,tcp,smtp,REJ,8907,26292,16,6,0.1715330434936397,0.10477012610781482,1
46.21011094925578,tcp,http,SF,38575,40755,13,7,0.159042462027864,0.03708181981463947,1
14.075001680022039,udp,http,REJ,9827,43353,9,6,0.10089057517981477,0.2092565327119048,1
24.65711284625942,tcp,ssh,REJ,35607,8159,8,7,0.15503212159764707,0.029301605630341336,1
17.0326095977073,tcp,ssh,SF,18699,37626,8,10,0.0031565105034612835,0.08134732886612976,1
21.977423886142674,tcp,http,SF,42292,34351,15,8,0.14696288278693964,0.10547210164288832,1
63.478199331934334,tcp,http,REJ,30883,42298,10,8,0.01798046492580432,0.022713437912540237,1
17.628576980277543,tcp,ftp,RSTO,10313,22065,10,6,0.03540642018802183,0.16190179357158996,1
41.78217653528511,tcp,ftp,S0,18598,26638,8,5,0.05539435211518277,0.22662898952011185,1
32.317989334513086,tcp,http,RSTO,33807,6073,11,6,0.10488414279193595,0.05471043738444752,1
54.48329615463392,tcp,ftp,RSTO,9887,23771,8,5,0.018834461607285708,0.1209099169793273,1
138.09608237564845,udp,dns,SF,8854,40461,10,8,0.01456340741992778,0.0006137129108026575,1
65.94526356275215,tcp,ssh,S0,19536,47330,7,5,0.07449719017232836,0.013247355260869459,1
12.099780662202365,tcp,ssh,RSTO,8558,34320,14,4,0.017372685708078067,0.05543580623477305,1
1.5839839412128922,tcp,http,SF,14772,9340,9,5,0.02948623115139708,0.008557907395113156,1
15.208465100279394,udp,smtp,RSTO,41343,39924,8,8,0.23076102144592184,0.163865454423421,1
45.20303259365486,tcp,http,RSTO,40186,21184,11,6,0.1621489559177969,0.016776637443207447,1
2.639763904988734,tcp,ftp,SF,41966,45734,8,8,0.25851537816580406,0.011051180610049054,1
34.295297801309445,udp,smtp,SF,38769,7580,13,9,0.005556768873630723,0.006699172812487944,1
45.42144199937801,udp,ftp,SF,44887,45025,8,13,0.023141028151141458,0.09491839350401259,1
20.341593896905017,tcp,dns,S0,24229,33967,11,9,0.03796935252351161,0.06441187927194153,1
73.68249795733674,udp,ftp,RSTO,14673,7159,19,7,0.013115699986238157,0.006175492063337441,1
5.635945738233899,tcp,dns,SF,32877,18900,7,7,0.06691364316369469,0.23116235829075868,1
3.905525289612351,tcp,dns,REJ,36601,16440,10,8,0.1177380642919289,0.01881888012624238,1
65.13237051081964,tcp,ftp,RSTO,43084,19678,12,6,0.1026225232373113,0.00788272854975319,1
34.20851133315343,tcp,ftp,REJ,21244,17021,8,7,0.1174456665494602,0.03367873121691769,1
58.30213278665705,udp,dns,S0,32356,11772,10,13,0.3064716574510567,0.0199924182936265,1
28.531199956442865,tcp,smtp,SF,21806,6627,11,9,0.125430322352381,0.02492212758853225,1
14.144812687926581,tcp,dns,REJ,28099,49432,13,6,0.16441973057769185,0.03520765905586818,1
85.49118492855979,udp,ssh,S0,49641,13219,10,12,0.0025423259330413705,0.006697450366545183,1
80.3260781980095,udp,dns,SF,42034,28464,10,11,0.0674945857883305,0.01476111299991673,1
59.32244098545607,tcp,smtp,REJ,45317,35232,13,9,0.18139045783341787,0.009863223027976561,1
15.882680749401604,tcp,ssh,REJ,24094,47481,15,9,0.09170087055480096,0.002029695758363824,1
44.608043986173215,tcp,http,S0,15589,13488,13,8,0.07355338692792374,0.19468708633454226,1
22.390498778991102,udp,http,SF,6657,39949,10,3,0.03063963278067902,0.04584619964787779,1
4.802536730332661,tcp,smtp,SF,37764,49362,10,9,0.01196659783606142,0.019098070648977183,1
124.63499217688208,icmp,dns,REJ,44531,44932,8,7,0.11967014131914283,0.12905805125462905,1
7.3565224409760015,tcp,ftp,REJ,8164,23981,7,6,0.028037736757176447,0.1459621704553717,1
150.02453265613812,tcp,smtp,REJ,32542,5901,13,9,0.08296491062647783,0.01174806942186478,1
29.53005063954361,tcp,ssh,SF,23437,27444,10,6,0.04103189901189599,0.011011990716093403,1
